id,method-name,contain-class-name,contain-class-path,target-class-name,target-class-path,tag
22915,run,testsetup,src/main/java/junit/extensions/TestSetup.java,testresult,src/main/java/junit/framework/TestResult.java,0
22916,run,testresult,src/main/java/junit/framework/TestResult.java,testsetup,src/main/java/junit/extensions/TestSetup.java,1
22917,run,repeatedtest,src/main/java/junit/extensions/RepeatedTest.java,testresult,src/main/java/junit/framework/TestResult.java,0
22918,run,testresult,src/main/java/junit/framework/TestResult.java,repeatedtest,src/main/java/junit/extensions/RepeatedTest.java,1
22919,basicrun,testdecorator,src/main/java/junit/extensions/TestDecorator.java,testresult,src/main/java/junit/framework/TestResult.java,0
22920,basicrun,testresult,src/main/java/junit/framework/TestResult.java,testdecorator,src/main/java/junit/extensions/TestDecorator.java,1
22921,run,activetestsuite,src/main/java/junit/extensions/ActiveTestSuite.java,testresult,src/main/java/junit/framework/TestResult.java,0
22922,run,testresult,src/main/java/junit/framework/TestResult.java,activetestsuite,src/main/java/junit/extensions/ActiveTestSuite.java,1
22923,runtest,activetestsuite,src/main/java/junit/extensions/ActiveTestSuite.java,testresult,src/main/java/junit/framework/TestResult.java,0
22924,runtest,testresult,src/main/java/junit/framework/TestResult.java,activetestsuite,src/main/java/junit/extensions/ActiveTestSuite.java,1
22925,addfailure,testresult,src/main/java/junit/framework/TestResult.java,assertionfailederror,src/main/java/junit/framework/AssertionFailedError.java,0
22926,addfailure,assertionfailederror,src/main/java/junit/framework/AssertionFailedError.java,testresult,src/main/java/junit/framework/TestResult.java,1
22927,run,testresult,src/main/java/junit/framework/TestResult.java,testcase,src/main/java/junit/framework/TestCase.java,0
22928,run,testcase,src/main/java/junit/framework/TestCase.java,testresult,src/main/java/junit/framework/TestResult.java,1
22929,counttestcases,junit4testadapter,src/main/java/junit/framework/JUnit4TestAdapter.java,runner,src/main/java/org/junit/runner/Runner.java,0
22930,counttestcases,runner,src/main/java/org/junit/runner/Runner.java,junit4testadapter,src/main/java/junit/framework/JUnit4TestAdapter.java,1
22931,run,junit4testadapter,src/main/java/junit/framework/JUnit4TestAdapter.java,testresult,src/main/java/junit/framework/TestResult.java,0
22932,run,testresult,src/main/java/junit/framework/TestResult.java,junit4testadapter,src/main/java/junit/framework/JUnit4TestAdapter.java,1
22933,gettests,junit4testadapter,src/main/java/junit/framework/JUnit4TestAdapter.java,junit4testadapter,src/main/java/junit/framework/JUnit4TestAdapter.java,0
22934,gettests,junit4testadapter,src/main/java/junit/framework/JUnit4TestAdapter.java,junit4testadapter,src/main/java/junit/framework/JUnit4TestAdapter.java,1
22935,getdescription,junit4testadapter,src/main/java/junit/framework/JUnit4TestAdapter.java,junit4testadapter,src/main/java/junit/framework/JUnit4TestAdapter.java,0
22936,getdescription,junit4testadapter,src/main/java/junit/framework/JUnit4TestAdapter.java,junit4testadapter,src/main/java/junit/framework/JUnit4TestAdapter.java,1
22937,getdescription,junit4testadapter,src/main/java/junit/framework/JUnit4TestAdapter.java,runner,src/main/java/org/junit/runner/Runner.java,0
22938,getdescription,runner,src/main/java/org/junit/runner/Runner.java,junit4testadapter,src/main/java/junit/framework/JUnit4TestAdapter.java,1
22939,removeignored,junit4testadapter,src/main/java/junit/framework/JUnit4TestAdapter.java,junit4testadapter,src/main/java/junit/framework/JUnit4TestAdapter.java,0
22940,removeignored,junit4testadapter,src/main/java/junit/framework/JUnit4TestAdapter.java,junit4testadapter,src/main/java/junit/framework/JUnit4TestAdapter.java,1
22941,removeignored,junit4testadapter,src/main/java/junit/framework/JUnit4TestAdapter.java,description,src/main/java/org/junit/runner/Description.java,0
22942,removeignored,description,src/main/java/org/junit/runner/Description.java,junit4testadapter,src/main/java/junit/framework/JUnit4TestAdapter.java,1
22943,removeignored,junit4testadapter,src/main/java/junit/framework/JUnit4TestAdapter.java,runner,src/main/java/org/junit/runner/Runner.java,0
22944,removeignored,runner,src/main/java/org/junit/runner/Runner.java,junit4testadapter,src/main/java/junit/framework/JUnit4TestAdapter.java,1
22945,tostring,junit4testadapter,src/main/java/junit/framework/JUnit4TestAdapter.java,junit4testadapter,src/main/java/junit/framework/JUnit4TestAdapter.java,0
22946,tostring,junit4testadapter,src/main/java/junit/framework/JUnit4TestAdapter.java,junit4testadapter,src/main/java/junit/framework/JUnit4TestAdapter.java,1
22947,tostring,junit4testadapter,src/main/java/junit/framework/JUnit4TestAdapter.java,runner,src/main/java/org/junit/runner/Runner.java,0
22948,tostring,runner,src/main/java/org/junit/runner/Runner.java,junit4testadapter,src/main/java/junit/framework/JUnit4TestAdapter.java,1
22949,filter,junit4testadapter,src/main/java/junit/framework/JUnit4TestAdapter.java,junit4testadapter,src/main/java/junit/framework/JUnit4TestAdapter.java,0
22950,filter,junit4testadapter,src/main/java/junit/framework/JUnit4TestAdapter.java,junit4testadapter,src/main/java/junit/framework/JUnit4TestAdapter.java,1
22951,run,testcase,src/main/java/junit/framework/TestCase.java,testresult,src/main/java/junit/framework/TestResult.java,0
22952,run,testresult,src/main/java/junit/framework/TestResult.java,testcase,src/main/java/junit/framework/TestCase.java,1
22953,astest,junit4testadapter,src/main/java/junit/framework/JUnit4TestAdapter.java,description,src/main/java/org/junit/runner/Description.java,0
22954,astest,description,src/main/java/org/junit/runner/Description.java,junit4testadapter,src/main/java/junit/framework/JUnit4TestAdapter.java,1
22955,createtest,junit4testadapter,src/main/java/junit/framework/JUnit4TestAdapter.java,description,src/main/java/org/junit/runner/Description.java,0
22956,createtest,description,src/main/java/org/junit/runner/Description.java,junit4testadapter,src/main/java/junit/framework/JUnit4TestAdapter.java,1
22957,getnotifier,junit4testadapter,src/main/java/junit/framework/JUnit4TestAdapter.java,testresult,src/main/java/junit/framework/TestResult.java,0
22958,getnotifier,testresult,src/main/java/junit/framework/TestResult.java,junit4testadapter,src/main/java/junit/framework/JUnit4TestAdapter.java,1
22959,getnotifier,junit4testadapter,src/main/java/junit/framework/JUnit4TestAdapter.java,junit4testadapter,src/main/java/junit/framework/JUnit4TestAdapter.java,0
22960,getnotifier,junit4testadapter,src/main/java/junit/framework/JUnit4TestAdapter.java,junit4testadapter,src/main/java/junit/framework/JUnit4TestAdapter.java,1
22961,astestlist,junit4testadapter,src/main/java/junit/framework/JUnit4TestAdapter.java,description,src/main/java/org/junit/runner/Description.java,0
22962,astestlist,description,src/main/java/org/junit/runner/Description.java,junit4testadapter,src/main/java/junit/framework/JUnit4TestAdapter.java,1
22963,run,junit4testcasefacade,src/main/java/junit/framework/JUnit4TestCaseFacade.java,testresult,src/main/java/junit/framework/TestResult.java,0
22964,run,testresult,src/main/java/junit/framework/TestResult.java,junit4testcasefacade,src/main/java/junit/framework/JUnit4TestCaseFacade.java,1
22965,print,resultprinter,src/main/java/junit/textui/ResultPrinter.java,testresult,src/main/java/junit/framework/TestResult.java,0
22966,print,testresult,src/main/java/junit/framework/TestResult.java,resultprinter,src/main/java/junit/textui/ResultPrinter.java,1
22967,printdefect,resultprinter,src/main/java/junit/textui/ResultPrinter.java,testfailure,src/main/java/junit/framework/TestFailure.java,0
22968,printdefect,testfailure,src/main/java/junit/framework/TestFailure.java,resultprinter,src/main/java/junit/textui/ResultPrinter.java,1
22969,printdefectheader,resultprinter,src/main/java/junit/textui/ResultPrinter.java,testfailure,src/main/java/junit/framework/TestFailure.java,0
22970,printdefectheader,testfailure,src/main/java/junit/framework/TestFailure.java,resultprinter,src/main/java/junit/textui/ResultPrinter.java,1
22971,printdefecttrace,resultprinter,src/main/java/junit/textui/ResultPrinter.java,testfailure,src/main/java/junit/framework/TestFailure.java,0
22972,printdefecttrace,testfailure,src/main/java/junit/framework/TestFailure.java,resultprinter,src/main/java/junit/textui/ResultPrinter.java,1
22973,printfooter,resultprinter,src/main/java/junit/textui/ResultPrinter.java,testresult,src/main/java/junit/framework/TestResult.java,0
22974,printfooter,testresult,src/main/java/junit/framework/TestResult.java,resultprinter,src/main/java/junit/textui/ResultPrinter.java,1
22975,addfailure,resultprinter,src/main/java/junit/textui/ResultPrinter.java,assertionfailederror,src/main/java/junit/framework/AssertionFailedError.java,0
22976,addfailure,assertionfailederror,src/main/java/junit/framework/AssertionFailedError.java,resultprinter,src/main/java/junit/textui/ResultPrinter.java,1
22977,run,testrunner,src/main/java/junit/textui/TestRunner.java,resultprinter,src/main/java/junit/textui/ResultPrinter.java,0
22978,run,resultprinter,src/main/java/junit/textui/ResultPrinter.java,testrunner,src/main/java/junit/textui/TestRunner.java,1
22979,runandwait,testrunner,src/main/java/junit/textui/TestRunner.java,resultprinter,src/main/java/junit/textui/ResultPrinter.java,0
22980,runandwait,resultprinter,src/main/java/junit/textui/ResultPrinter.java,testrunner,src/main/java/junit/textui/TestRunner.java,1
22981,testended,testrunner,src/main/java/junit/textui/TestRunner.java,resultprinter,src/main/java/junit/textui/ResultPrinter.java,0
22982,testended,resultprinter,src/main/java/junit/textui/ResultPrinter.java,testrunner,src/main/java/junit/textui/TestRunner.java,1
22983,dorun,testrunner,src/main/java/junit/textui/TestRunner.java,resultprinter,src/main/java/junit/textui/ResultPrinter.java,0
22984,dorun,resultprinter,src/main/java/junit/textui/ResultPrinter.java,testrunner,src/main/java/junit/textui/TestRunner.java,1
22985,main,testrunner,src/main/java/junit/textui/TestRunner.java,resultprinter,src/main/java/junit/textui/ResultPrinter.java,0
22986,main,resultprinter,src/main/java/junit/textui/ResultPrinter.java,testrunner,src/main/java/junit/textui/TestRunner.java,1
22987,start,testrunner,src/main/java/junit/textui/TestRunner.java,resultprinter,src/main/java/junit/textui/ResultPrinter.java,0
22988,start,resultprinter,src/main/java/junit/textui/ResultPrinter.java,testrunner,src/main/java/junit/textui/TestRunner.java,1
22989,runsinglemethod,testrunner,src/main/java/junit/textui/TestRunner.java,resultprinter,src/main/java/junit/textui/ResultPrinter.java,0
22990,runsinglemethod,resultprinter,src/main/java/junit/textui/ResultPrinter.java,testrunner,src/main/java/junit/textui/TestRunner.java,1
22991,getsuite,parallelcomputer,src/main/java/org/junit/experimental/ParallelComputer.java,runnerbuilder,src/main/java/org/junit/runners/model/RunnerBuilder.java,0
22992,getsuite,runnerbuilder,src/main/java/org/junit/runners/model/RunnerBuilder.java,parallelcomputer,src/main/java/org/junit/experimental/ParallelComputer.java,1
22993,getrunner,parallelcomputer,src/main/java/org/junit/experimental/ParallelComputer.java,runnerbuilder,src/main/java/org/junit/runners/model/RunnerBuilder.java,0
22994,getrunner,runnerbuilder,src/main/java/org/junit/runners/model/RunnerBuilder.java,parallelcomputer,src/main/java/org/junit/experimental/ParallelComputer.java,1
22995,assertnocategorizeddescendentsof,categories,src/main/java/org/junit/experimental/categories/Categories.java,description,src/main/java/org/junit/runner/Description.java,0
22996,assertnocategorizeddescendentsof,description,src/main/java/org/junit/runner/Description.java,categories,src/main/java/org/junit/experimental/categories/Categories.java,1
22997,getfailuretimestamp,maxhistory,src/main/java/org/junit/experimental/max/MaxHistory.java,description,src/main/java/org/junit/runner/Description.java,0
22998,getfailuretimestamp,description,src/main/java/org/junit/runner/Description.java,maxhistory,src/main/java/org/junit/experimental/max/MaxHistory.java,1
22999,puttestfailuretimestamp,maxhistory,src/main/java/org/junit/experimental/max/MaxHistory.java,description,src/main/java/org/junit/runner/Description.java,0
23000,puttestfailuretimestamp,description,src/main/java/org/junit/runner/Description.java,maxhistory,src/main/java/org/junit/experimental/max/MaxHistory.java,1
23001,isnewtest,maxhistory,src/main/java/org/junit/experimental/max/MaxHistory.java,description,src/main/java/org/junit/runner/Description.java,0
23002,isnewtest,description,src/main/java/org/junit/runner/Description.java,maxhistory,src/main/java/org/junit/experimental/max/MaxHistory.java,1
23003,gettestduration,maxhistory,src/main/java/org/junit/experimental/max/MaxHistory.java,description,src/main/java/org/junit/runner/Description.java,0
23004,gettestduration,description,src/main/java/org/junit/runner/Description.java,maxhistory,src/main/java/org/junit/experimental/max/MaxHistory.java,1
23005,puttestduration,maxhistory,src/main/java/org/junit/experimental/max/MaxHistory.java,description,src/main/java/org/junit/runner/Description.java,0
23006,puttestduration,description,src/main/java/org/junit/runner/Description.java,maxhistory,src/main/java/org/junit/experimental/max/MaxHistory.java,1
23007,forfolder,maxcore,src/main/java/org/junit/experimental/max/MaxCore.java,maxhistory,src/main/java/org/junit/experimental/max/MaxHistory.java,0
23008,forfolder,maxhistory,src/main/java/org/junit/experimental/max/MaxHistory.java,maxcore,src/main/java/org/junit/experimental/max/MaxCore.java,1
23009,run,maxcore,src/main/java/org/junit/experimental/max/MaxCore.java,maxhistory,src/main/java/org/junit/experimental/max/MaxHistory.java,0
23010,run,maxhistory,src/main/java/org/junit/experimental/max/MaxHistory.java,maxcore,src/main/java/org/junit/experimental/max/MaxCore.java,1
23011,run,maxcore,src/main/java/org/junit/experimental/max/MaxCore.java,request,src/main/java/org/junit/runner/Request.java,0
23012,run,request,src/main/java/org/junit/runner/Request.java,maxcore,src/main/java/org/junit/experimental/max/MaxCore.java,1
23013,run,maxcore,src/main/java/org/junit/experimental/max/MaxCore.java,junitcore,src/main/java/org/junit/runner/JUnitCore.java,0
23014,run,junitcore,src/main/java/org/junit/runner/JUnitCore.java,maxcore,src/main/java/org/junit/experimental/max/MaxCore.java,1
23015,sortrequest,maxcore,src/main/java/org/junit/experimental/max/MaxCore.java,maxhistory,src/main/java/org/junit/experimental/max/MaxHistory.java,0
23016,sortrequest,maxhistory,src/main/java/org/junit/experimental/max/MaxHistory.java,maxcore,src/main/java/org/junit/experimental/max/MaxCore.java,1
23017,sortrequest,maxcore,src/main/java/org/junit/experimental/max/MaxCore.java,request,src/main/java/org/junit/runner/Request.java,0
23018,sortrequest,request,src/main/java/org/junit/runner/Request.java,maxcore,src/main/java/org/junit/experimental/max/MaxCore.java,1
23019,constructleafrequest,maxcore,src/main/java/org/junit/experimental/max/MaxCore.java,maxhistory,src/main/java/org/junit/experimental/max/MaxHistory.java,0
23020,constructleafrequest,maxhistory,src/main/java/org/junit/experimental/max/MaxHistory.java,maxcore,src/main/java/org/junit/experimental/max/MaxCore.java,1
23021,buildrunner,maxcore,src/main/java/org/junit/experimental/max/MaxCore.java,maxhistory,src/main/java/org/junit/experimental/max/MaxHistory.java,0
23022,buildrunner,maxhistory,src/main/java/org/junit/experimental/max/MaxHistory.java,maxcore,src/main/java/org/junit/experimental/max/MaxCore.java,1
23023,buildrunner,maxcore,src/main/java/org/junit/experimental/max/MaxCore.java,description,src/main/java/org/junit/runner/Description.java,0
23024,buildrunner,description,src/main/java/org/junit/runner/Description.java,maxcore,src/main/java/org/junit/experimental/max/MaxCore.java,1
23025,findleaves,maxcore,src/main/java/org/junit/experimental/max/MaxCore.java,maxhistory,src/main/java/org/junit/experimental/max/MaxHistory.java,0
23026,findleaves,maxhistory,src/main/java/org/junit/experimental/max/MaxHistory.java,maxcore,src/main/java/org/junit/experimental/max/MaxCore.java,1
23027,findleaves,maxcore,src/main/java/org/junit/experimental/max/MaxCore.java,request,src/main/java/org/junit/runner/Request.java,0
23028,findleaves,request,src/main/java/org/junit/runner/Request.java,maxcore,src/main/java/org/junit/experimental/max/MaxCore.java,1
23029,findleaves,maxcore,src/main/java/org/junit/experimental/max/MaxCore.java,description,src/main/java/org/junit/runner/Description.java,0
23030,findleaves,description,src/main/java/org/junit/runner/Description.java,maxcore,src/main/java/org/junit/experimental/max/MaxCore.java,1
23031,getvaluesources,allmemberssupplier,src/main/java/org/junit/experimental/theories/internal/AllMembersSupplier.java,parametersignature,src/main/java/org/junit/experimental/theories/ParameterSignature.java,0
23032,getvaluesources,parametersignature,src/main/java/org/junit/experimental/theories/ParameterSignature.java,allmemberssupplier,src/main/java/org/junit/experimental/theories/internal/AllMembersSupplier.java,1
23033,getvaluesources,allmemberssupplier,src/main/java/org/junit/experimental/theories/internal/AllMembersSupplier.java,testclass,src/main/java/org/junit/internal/runners/TestClass.java,0
23034,getvaluesources,testclass,src/main/java/org/junit/internal/runners/TestClass.java,allmemberssupplier,src/main/java/org/junit/experimental/theories/internal/AllMembersSupplier.java,1
23035,addmultipointmethods,allmemberssupplier,src/main/java/org/junit/experimental/theories/internal/AllMembersSupplier.java,testclass,src/main/java/org/junit/internal/runners/TestClass.java,0
23036,addmultipointmethods,testclass,src/main/java/org/junit/internal/runners/TestClass.java,allmemberssupplier,src/main/java/org/junit/experimental/theories/internal/AllMembersSupplier.java,1
23037,addfields,allmemberssupplier,src/main/java/org/junit/experimental/theories/internal/AllMembersSupplier.java,parametersignature,src/main/java/org/junit/experimental/theories/ParameterSignature.java,0
23038,addfields,parametersignature,src/main/java/org/junit/experimental/theories/ParameterSignature.java,allmemberssupplier,src/main/java/org/junit/experimental/theories/internal/AllMembersSupplier.java,1
23039,addfields,allmemberssupplier,src/main/java/org/junit/experimental/theories/internal/AllMembersSupplier.java,testclass,src/main/java/org/junit/internal/runners/TestClass.java,0
23040,addfields,testclass,src/main/java/org/junit/internal/runners/TestClass.java,allmemberssupplier,src/main/java/org/junit/experimental/theories/internal/AllMembersSupplier.java,1
23041,assignnext,assignments,src/main/java/org/junit/experimental/theories/internal/Assignments.java,potentialassignment,src/main/java/org/junit/experimental/theories/PotentialAssignment.java,0
23042,assignnext,potentialassignment,src/main/java/org/junit/experimental/theories/PotentialAssignment.java,assignments,src/main/java/org/junit/experimental/theories/internal/Assignments.java,1
23043,assignnext,assignments,src/main/java/org/junit/experimental/theories/internal/Assignments.java,testclass,src/main/java/org/junit/internal/runners/TestClass.java,0
23044,assignnext,testclass,src/main/java/org/junit/internal/runners/TestClass.java,assignments,src/main/java/org/junit/experimental/theories/internal/Assignments.java,1
23045,potentialsfornextunassigned,assignments,src/main/java/org/junit/experimental/theories/internal/Assignments.java,testclass,src/main/java/org/junit/internal/runners/TestClass.java,0
23046,potentialsfornextunassigned,testclass,src/main/java/org/junit/internal/runners/TestClass.java,assignments,src/main/java/org/junit/experimental/theories/internal/Assignments.java,1
23047,getsupplier,assignments,src/main/java/org/junit/experimental/theories/internal/Assignments.java,parametersignature,src/main/java/org/junit/experimental/theories/ParameterSignature.java,0
23048,getsupplier,parametersignature,src/main/java/org/junit/experimental/theories/ParameterSignature.java,assignments,src/main/java/org/junit/experimental/theories/internal/Assignments.java,1
23049,getsupplier,assignments,src/main/java/org/junit/experimental/theories/internal/Assignments.java,testclass,src/main/java/org/junit/internal/runners/TestClass.java,0
23050,getsupplier,testclass,src/main/java/org/junit/internal/runners/TestClass.java,assignments,src/main/java/org/junit/experimental/theories/internal/Assignments.java,1
23051,getconstructorarguments,assignments,src/main/java/org/junit/experimental/theories/internal/Assignments.java,testclass,src/main/java/org/junit/internal/runners/TestClass.java,0
23052,getconstructorarguments,testclass,src/main/java/org/junit/internal/runners/TestClass.java,assignments,src/main/java/org/junit/experimental/theories/internal/Assignments.java,1
23053,testrunfinished,textlistener,src/main/java/org/junit/internal/TextListener.java,result,src/main/java/org/junit/runner/Result.java,0
23054,testrunfinished,result,src/main/java/org/junit/runner/Result.java,textlistener,src/main/java/org/junit/internal/TextListener.java,1
23055,teststarted,textlistener,src/main/java/org/junit/internal/TextListener.java,description,src/main/java/org/junit/runner/Description.java,0
23056,teststarted,description,src/main/java/org/junit/runner/Description.java,textlistener,src/main/java/org/junit/internal/TextListener.java,1
23057,testfailure,textlistener,src/main/java/org/junit/internal/TextListener.java,failure,src/main/java/org/junit/runner/notification/Failure.java,0
23058,testfailure,failure,src/main/java/org/junit/runner/notification/Failure.java,textlistener,src/main/java/org/junit/internal/TextListener.java,1
23059,testignored,textlistener,src/main/java/org/junit/internal/TextListener.java,description,src/main/java/org/junit/runner/Description.java,0
23060,testignored,description,src/main/java/org/junit/runner/Description.java,textlistener,src/main/java/org/junit/internal/TextListener.java,1
23061,printfailures,textlistener,src/main/java/org/junit/internal/TextListener.java,result,src/main/java/org/junit/runner/Result.java,0
23062,printfailures,result,src/main/java/org/junit/runner/Result.java,textlistener,src/main/java/org/junit/internal/TextListener.java,1
23063,printfailure,textlistener,src/main/java/org/junit/internal/TextListener.java,failure,src/main/java/org/junit/runner/notification/Failure.java,0
23064,printfailure,failure,src/main/java/org/junit/runner/notification/Failure.java,textlistener,src/main/java/org/junit/internal/TextListener.java,1
23065,printfooter,textlistener,src/main/java/org/junit/internal/TextListener.java,result,src/main/java/org/junit/runner/Result.java,0
23066,printfooter,result,src/main/java/org/junit/runner/Result.java,textlistener,src/main/java/org/junit/internal/TextListener.java,1
23067,run,ignoredclassrunner,src/main/java/org/junit/internal/builders/IgnoredClassRunner.java,runnotifier,src/main/java/org/junit/runner/notification/RunNotifier.java,0
23068,run,runnotifier,src/main/java/org/junit/runner/notification/RunNotifier.java,ignoredclassrunner,src/main/java/org/junit/internal/builders/IgnoredClassRunner.java,1
23069,runnerforclass,annotatedbuilder,src/main/java/org/junit/internal/builders/AnnotatedBuilder.java,runnerbuilder,src/main/java/org/junit/runners/model/RunnerBuilder.java,0
23070,runnerforclass,runnerbuilder,src/main/java/org/junit/runners/model/RunnerBuilder.java,annotatedbuilder,src/main/java/org/junit/internal/builders/AnnotatedBuilder.java,1
23071,getrunner,sortingrequest,src/main/java/org/junit/internal/requests/SortingRequest.java,request,src/main/java/org/junit/runner/Request.java,0
23072,getrunner,request,src/main/java/org/junit/runner/Request.java,sortingrequest,src/main/java/org/junit/internal/requests/SortingRequest.java,1
23073,run,errorreportingrunner,src/main/java/org/junit/internal/runners/ErrorReportingRunner.java,runnotifier,src/main/java/org/junit/runner/notification/RunNotifier.java,0
23074,run,runnotifier,src/main/java/org/junit/runner/notification/RunNotifier.java,errorreportingrunner,src/main/java/org/junit/internal/runners/ErrorReportingRunner.java,1
23075,runcause,errorreportingrunner,src/main/java/org/junit/internal/runners/ErrorReportingRunner.java,runnotifier,src/main/java/org/junit/runner/notification/RunNotifier.java,0
23076,runcause,runnotifier,src/main/java/org/junit/runner/notification/RunNotifier.java,errorreportingrunner,src/main/java/org/junit/internal/runners/ErrorReportingRunner.java,1
23077,rununprotected,classroadie,src/main/java/org/junit/internal/runners/ClassRoadie.java,testclass,src/main/java/org/junit/internal/runners/TestClass.java,0
23078,rununprotected,testclass,src/main/java/org/junit/internal/runners/TestClass.java,classroadie,src/main/java/org/junit/internal/runners/ClassRoadie.java,1
23079,rununprotected,classroadie,src/main/java/org/junit/internal/runners/ClassRoadie.java,description,src/main/java/org/junit/runner/Description.java,0
23080,rununprotected,description,src/main/java/org/junit/runner/Description.java,classroadie,src/main/java/org/junit/internal/runners/ClassRoadie.java,1
23081,rununprotected,classroadie,src/main/java/org/junit/internal/runners/ClassRoadie.java,runnotifier,src/main/java/org/junit/runner/notification/RunNotifier.java,0
23082,rununprotected,runnotifier,src/main/java/org/junit/runner/notification/RunNotifier.java,classroadie,src/main/java/org/junit/internal/runners/ClassRoadie.java,1
23083,runprotected,classroadie,src/main/java/org/junit/internal/runners/ClassRoadie.java,testclass,src/main/java/org/junit/internal/runners/TestClass.java,0
23084,runprotected,testclass,src/main/java/org/junit/internal/runners/TestClass.java,classroadie,src/main/java/org/junit/internal/runners/ClassRoadie.java,1
23085,runprotected,classroadie,src/main/java/org/junit/internal/runners/ClassRoadie.java,description,src/main/java/org/junit/runner/Description.java,0
23086,runprotected,description,src/main/java/org/junit/runner/Description.java,classroadie,src/main/java/org/junit/internal/runners/ClassRoadie.java,1
23087,runprotected,classroadie,src/main/java/org/junit/internal/runners/ClassRoadie.java,runnotifier,src/main/java/org/junit/runner/notification/RunNotifier.java,0
23088,runprotected,runnotifier,src/main/java/org/junit/runner/notification/RunNotifier.java,classroadie,src/main/java/org/junit/internal/runners/ClassRoadie.java,1
23089,run,methodroadie,src/main/java/org/junit/internal/runners/MethodRoadie.java,testmethod,src/main/java/org/junit/internal/runners/TestMethod.java,0
23090,run,testmethod,src/main/java/org/junit/internal/runners/TestMethod.java,methodroadie,src/main/java/org/junit/internal/runners/MethodRoadie.java,1
23091,run,methodroadie,src/main/java/org/junit/internal/runners/MethodRoadie.java,description,src/main/java/org/junit/runner/Description.java,0
23092,run,description,src/main/java/org/junit/runner/Description.java,methodroadie,src/main/java/org/junit/internal/runners/MethodRoadie.java,1
23093,run,methodroadie,src/main/java/org/junit/internal/runners/MethodRoadie.java,runnotifier,src/main/java/org/junit/runner/notification/RunNotifier.java,0
23094,run,runnotifier,src/main/java/org/junit/runner/notification/RunNotifier.java,methodroadie,src/main/java/org/junit/internal/runners/MethodRoadie.java,1
23095,runbeforesthentestthen,methodroadie,src/main/java/org/junit/internal/runners/MethodRoadie.java,testmethod,src/main/java/org/junit/internal/runners/TestMethod.java,0
23096,runbeforesthentestthen,testmethod,src/main/java/org/junit/internal/runners/TestMethod.java,methodroadie,src/main/java/org/junit/internal/runners/MethodRoadie.java,1
23097,runbeforesthentestthen,methodroadie,src/main/java/org/junit/internal/runners/MethodRoadie.java,description,src/main/java/org/junit/runner/Description.java,0
23098,runbeforesthentestthen,description,src/main/java/org/junit/runner/Description.java,methodroadie,src/main/java/org/junit/internal/runners/MethodRoadie.java,1
23099,runbeforesthentestthen,methodroadie,src/main/java/org/junit/internal/runners/MethodRoadie.java,runnotifier,src/main/java/org/junit/runner/notification/RunNotifier.java,0
23100,runbeforesthentestthen,runnotifier,src/main/java/org/junit/runner/notification/RunNotifier.java,methodroadie,src/main/java/org/junit/internal/runners/MethodRoadie.java,1
23101,runtestmethod,methodroadie,src/main/java/org/junit/internal/runners/MethodRoadie.java,testmethod,src/main/java/org/junit/internal/runners/TestMethod.java,0
23102,runtestmethod,testmethod,src/main/java/org/junit/internal/runners/TestMethod.java,methodroadie,src/main/java/org/junit/internal/runners/MethodRoadie.java,1
23103,runtestmethod,methodroadie,src/main/java/org/junit/internal/runners/MethodRoadie.java,description,src/main/java/org/junit/runner/Description.java,0
23104,runtestmethod,description,src/main/java/org/junit/runner/Description.java,methodroadie,src/main/java/org/junit/internal/runners/MethodRoadie.java,1
23105,runtestmethod,methodroadie,src/main/java/org/junit/internal/runners/MethodRoadie.java,runnotifier,src/main/java/org/junit/runner/notification/RunNotifier.java,0
23106,runtestmethod,runnotifier,src/main/java/org/junit/runner/notification/RunNotifier.java,methodroadie,src/main/java/org/junit/internal/runners/MethodRoadie.java,1
23107,runbefores,methodroadie,src/main/java/org/junit/internal/runners/MethodRoadie.java,testmethod,src/main/java/org/junit/internal/runners/TestMethod.java,0
23108,runbefores,testmethod,src/main/java/org/junit/internal/runners/TestMethod.java,methodroadie,src/main/java/org/junit/internal/runners/MethodRoadie.java,1
23109,runbefores,methodroadie,src/main/java/org/junit/internal/runners/MethodRoadie.java,description,src/main/java/org/junit/runner/Description.java,0
23110,runbefores,description,src/main/java/org/junit/runner/Description.java,methodroadie,src/main/java/org/junit/internal/runners/MethodRoadie.java,1
23111,runbefores,methodroadie,src/main/java/org/junit/internal/runners/MethodRoadie.java,runnotifier,src/main/java/org/junit/runner/notification/RunNotifier.java,0
23112,runbefores,runnotifier,src/main/java/org/junit/runner/notification/RunNotifier.java,methodroadie,src/main/java/org/junit/internal/runners/MethodRoadie.java,1
23113,runafters,methodroadie,src/main/java/org/junit/internal/runners/MethodRoadie.java,testmethod,src/main/java/org/junit/internal/runners/TestMethod.java,0
23114,runafters,testmethod,src/main/java/org/junit/internal/runners/TestMethod.java,methodroadie,src/main/java/org/junit/internal/runners/MethodRoadie.java,1
23115,runafters,methodroadie,src/main/java/org/junit/internal/runners/MethodRoadie.java,description,src/main/java/org/junit/runner/Description.java,0
23116,runafters,description,src/main/java/org/junit/runner/Description.java,methodroadie,src/main/java/org/junit/internal/runners/MethodRoadie.java,1
23117,runafters,methodroadie,src/main/java/org/junit/internal/runners/MethodRoadie.java,runnotifier,src/main/java/org/junit/runner/notification/RunNotifier.java,0
23118,runafters,runnotifier,src/main/java/org/junit/runner/notification/RunNotifier.java,methodroadie,src/main/java/org/junit/internal/runners/MethodRoadie.java,1
23119,addfailure,methodroadie,src/main/java/org/junit/internal/runners/MethodRoadie.java,description,src/main/java/org/junit/runner/Description.java,0
23120,addfailure,description,src/main/java/org/junit/runner/Description.java,methodroadie,src/main/java/org/junit/internal/runners/MethodRoadie.java,1
23121,run,junit4classrunner,src/main/java/org/junit/internal/runners/JUnit4ClassRunner.java,testclass,src/main/java/org/junit/internal/runners/TestClass.java,0
23122,run,testclass,src/main/java/org/junit/internal/runners/TestClass.java,junit4classrunner,src/main/java/org/junit/internal/runners/JUnit4ClassRunner.java,1
23123,run,junit4classrunner,src/main/java/org/junit/internal/runners/JUnit4ClassRunner.java,runnotifier,src/main/java/org/junit/runner/notification/RunNotifier.java,0
23124,run,runnotifier,src/main/java/org/junit/runner/notification/RunNotifier.java,junit4classrunner,src/main/java/org/junit/internal/runners/JUnit4ClassRunner.java,1
23125,runmethods,junit4classrunner,src/main/java/org/junit/internal/runners/JUnit4ClassRunner.java,testclass,src/main/java/org/junit/internal/runners/TestClass.java,0
23126,runmethods,testclass,src/main/java/org/junit/internal/runners/TestClass.java,junit4classrunner,src/main/java/org/junit/internal/runners/JUnit4ClassRunner.java,1
23127,runmethods,junit4classrunner,src/main/java/org/junit/internal/runners/JUnit4ClassRunner.java,runnotifier,src/main/java/org/junit/runner/notification/RunNotifier.java,0
23128,runmethods,runnotifier,src/main/java/org/junit/runner/notification/RunNotifier.java,junit4classrunner,src/main/java/org/junit/internal/runners/JUnit4ClassRunner.java,1
23129,getdescription,junit4classrunner,src/main/java/org/junit/internal/runners/JUnit4ClassRunner.java,testclass,src/main/java/org/junit/internal/runners/TestClass.java,0
23130,getdescription,testclass,src/main/java/org/junit/internal/runners/TestClass.java,junit4classrunner,src/main/java/org/junit/internal/runners/JUnit4ClassRunner.java,1
23131,invoketestmethod,junit4classrunner,src/main/java/org/junit/internal/runners/JUnit4ClassRunner.java,testclass,src/main/java/org/junit/internal/runners/TestClass.java,0
23132,invoketestmethod,testclass,src/main/java/org/junit/internal/runners/TestClass.java,junit4classrunner,src/main/java/org/junit/internal/runners/JUnit4ClassRunner.java,1
23133,invoketestmethod,junit4classrunner,src/main/java/org/junit/internal/runners/JUnit4ClassRunner.java,runnotifier,src/main/java/org/junit/runner/notification/RunNotifier.java,0
23134,invoketestmethod,runnotifier,src/main/java/org/junit/runner/notification/RunNotifier.java,junit4classrunner,src/main/java/org/junit/internal/runners/JUnit4ClassRunner.java,1
23135,methoddescription,junit4classrunner,src/main/java/org/junit/internal/runners/JUnit4ClassRunner.java,testclass,src/main/java/org/junit/internal/runners/TestClass.java,0
23136,methoddescription,testclass,src/main/java/org/junit/internal/runners/TestClass.java,junit4classrunner,src/main/java/org/junit/internal/runners/JUnit4ClassRunner.java,1
23137,testannotations,junit4classrunner,src/main/java/org/junit/internal/runners/JUnit4ClassRunner.java,testclass,src/main/java/org/junit/internal/runners/TestClass.java,0
23138,testannotations,testclass,src/main/java/org/junit/internal/runners/TestClass.java,junit4classrunner,src/main/java/org/junit/internal/runners/JUnit4ClassRunner.java,1
23139,filter,junit4classrunner,src/main/java/org/junit/internal/runners/JUnit4ClassRunner.java,testclass,src/main/java/org/junit/internal/runners/TestClass.java,0
23140,filter,testclass,src/main/java/org/junit/internal/runners/TestClass.java,junit4classrunner,src/main/java/org/junit/internal/runners/JUnit4ClassRunner.java,1
23141,filter,junit4classrunner,src/main/java/org/junit/internal/runners/JUnit4ClassRunner.java,filter,src/main/java/org/junit/runner/manipulation/Filter.java,0
23142,filter,filter,src/main/java/org/junit/runner/manipulation/Filter.java,junit4classrunner,src/main/java/org/junit/internal/runners/JUnit4ClassRunner.java,1
23143,sort,junit4classrunner,src/main/java/org/junit/internal/runners/JUnit4ClassRunner.java,testclass,src/main/java/org/junit/internal/runners/TestClass.java,0
23144,sort,testclass,src/main/java/org/junit/internal/runners/TestClass.java,junit4classrunner,src/main/java/org/junit/internal/runners/JUnit4ClassRunner.java,1
23145,sort,junit4classrunner,src/main/java/org/junit/internal/runners/JUnit4ClassRunner.java,sorter,src/main/java/org/junit/runner/manipulation/Sorter.java,0
23146,sort,sorter,src/main/java/org/junit/runner/manipulation/Sorter.java,junit4classrunner,src/main/java/org/junit/internal/runners/JUnit4ClassRunner.java,1
23147,validateinstancemethods,methodvalidator,src/main/java/org/junit/internal/runners/MethodValidator.java,testclass,src/main/java/org/junit/internal/runners/TestClass.java,0
23148,validateinstancemethods,testclass,src/main/java/org/junit/internal/runners/TestClass.java,methodvalidator,src/main/java/org/junit/internal/runners/MethodValidator.java,1
23149,validatestaticmethods,methodvalidator,src/main/java/org/junit/internal/runners/MethodValidator.java,testclass,src/main/java/org/junit/internal/runners/TestClass.java,0
23150,validatestaticmethods,testclass,src/main/java/org/junit/internal/runners/TestClass.java,methodvalidator,src/main/java/org/junit/internal/runners/MethodValidator.java,1
23151,validatemethodsfordefaultrunner,methodvalidator,src/main/java/org/junit/internal/runners/MethodValidator.java,testclass,src/main/java/org/junit/internal/runners/TestClass.java,0
23152,validatemethodsfordefaultrunner,testclass,src/main/java/org/junit/internal/runners/TestClass.java,methodvalidator,src/main/java/org/junit/internal/runners/MethodValidator.java,1
23153,assertvalid,methodvalidator,src/main/java/org/junit/internal/runners/MethodValidator.java,testclass,src/main/java/org/junit/internal/runners/TestClass.java,0
23154,assertvalid,testclass,src/main/java/org/junit/internal/runners/TestClass.java,methodvalidator,src/main/java/org/junit/internal/runners/MethodValidator.java,1
23155,validatenoargconstructor,methodvalidator,src/main/java/org/junit/internal/runners/MethodValidator.java,testclass,src/main/java/org/junit/internal/runners/TestClass.java,0
23156,validatenoargconstructor,testclass,src/main/java/org/junit/internal/runners/TestClass.java,methodvalidator,src/main/java/org/junit/internal/runners/MethodValidator.java,1
23157,validatetestmethods,methodvalidator,src/main/java/org/junit/internal/runners/MethodValidator.java,testclass,src/main/java/org/junit/internal/runners/TestClass.java,0
23158,validatetestmethods,testclass,src/main/java/org/junit/internal/runners/TestClass.java,methodvalidator,src/main/java/org/junit/internal/runners/MethodValidator.java,1
23159,run,junit38classrunner,src/main/java/org/junit/internal/runners/JUnit38ClassRunner.java,runnotifier,src/main/java/org/junit/runner/notification/RunNotifier.java,0
23160,run,runnotifier,src/main/java/org/junit/runner/notification/RunNotifier.java,junit38classrunner,src/main/java/org/junit/internal/runners/JUnit38ClassRunner.java,1
23161,isignored,testmethod,src/main/java/org/junit/internal/runners/TestMethod.java,testclass,src/main/java/org/junit/internal/runners/TestClass.java,0
23162,isignored,testclass,src/main/java/org/junit/internal/runners/TestClass.java,testmethod,src/main/java/org/junit/internal/runners/TestMethod.java,1
23163,gettimeout,testmethod,src/main/java/org/junit/internal/runners/TestMethod.java,testclass,src/main/java/org/junit/internal/runners/TestClass.java,0
23164,gettimeout,testclass,src/main/java/org/junit/internal/runners/TestClass.java,testmethod,src/main/java/org/junit/internal/runners/TestMethod.java,1
23165,getexpectedexception,testmethod,src/main/java/org/junit/internal/runners/TestMethod.java,testclass,src/main/java/org/junit/internal/runners/TestClass.java,0
23166,getexpectedexception,testclass,src/main/java/org/junit/internal/runners/TestClass.java,testmethod,src/main/java/org/junit/internal/runners/TestMethod.java,1
23167,isunexpected,testmethod,src/main/java/org/junit/internal/runners/TestMethod.java,testclass,src/main/java/org/junit/internal/runners/TestClass.java,0
23168,isunexpected,testclass,src/main/java/org/junit/internal/runners/TestClass.java,testmethod,src/main/java/org/junit/internal/runners/TestMethod.java,1
23169,expectsexception,testmethod,src/main/java/org/junit/internal/runners/TestMethod.java,testclass,src/main/java/org/junit/internal/runners/TestClass.java,0
23170,expectsexception,testclass,src/main/java/org/junit/internal/runners/TestClass.java,testmethod,src/main/java/org/junit/internal/runners/TestMethod.java,1
23171,invoke,testmethod,src/main/java/org/junit/internal/runners/TestMethod.java,testclass,src/main/java/org/junit/internal/runners/TestClass.java,0
23172,invoke,testclass,src/main/java/org/junit/internal/runners/TestClass.java,testmethod,src/main/java/org/junit/internal/runners/TestMethod.java,1
23173,addfailure,eachtestnotifier,src/main/java/org/junit/internal/runners/model/EachTestNotifier.java,description,src/main/java/org/junit/runner/Description.java,0
23174,addfailure,description,src/main/java/org/junit/runner/Description.java,eachtestnotifier,src/main/java/org/junit/internal/runners/model/EachTestNotifier.java,1
23175,addfailure,eachtestnotifier,src/main/java/org/junit/internal/runners/model/EachTestNotifier.java,runnotifier,src/main/java/org/junit/runner/notification/RunNotifier.java,0
23176,addfailure,runnotifier,src/main/java/org/junit/runner/notification/RunNotifier.java,eachtestnotifier,src/main/java/org/junit/internal/runners/model/EachTestNotifier.java,1
23177,addmultiplefailureexception,eachtestnotifier,src/main/java/org/junit/internal/runners/model/EachTestNotifier.java,description,src/main/java/org/junit/runner/Description.java,0
23178,addmultiplefailureexception,description,src/main/java/org/junit/runner/Description.java,eachtestnotifier,src/main/java/org/junit/internal/runners/model/EachTestNotifier.java,1
23179,addmultiplefailureexception,eachtestnotifier,src/main/java/org/junit/internal/runners/model/EachTestNotifier.java,runnotifier,src/main/java/org/junit/runner/notification/RunNotifier.java,0
23180,addmultiplefailureexception,runnotifier,src/main/java/org/junit/runner/notification/RunNotifier.java,eachtestnotifier,src/main/java/org/junit/internal/runners/model/EachTestNotifier.java,1
23181,addmultiplefailureexception,eachtestnotifier,src/main/java/org/junit/internal/runners/model/EachTestNotifier.java,multiplefailureexception,src/main/java/org/junit/internal/runners/model/MultipleFailureException.java,0
23182,addmultiplefailureexception,multiplefailureexception,src/main/java/org/junit/internal/runners/model/MultipleFailureException.java,eachtestnotifier,src/main/java/org/junit/internal/runners/model/EachTestNotifier.java,1
23183,evaluate,failontimeout,src/main/java/org/junit/internal/runners/statements/FailOnTimeout.java,statement,src/main/java/org/junit/runners/model/Statement.java,0
23184,evaluate,statement,src/main/java/org/junit/runners/model/Statement.java,failontimeout,src/main/java/org/junit/internal/runners/statements/FailOnTimeout.java,1
23185,evaluatestatement,failontimeout,src/main/java/org/junit/internal/runners/statements/FailOnTimeout.java,statement,src/main/java/org/junit/runners/model/Statement.java,0
23186,evaluatestatement,statement,src/main/java/org/junit/runners/model/Statement.java,failontimeout,src/main/java/org/junit/internal/runners/statements/FailOnTimeout.java,1
23187,throwexceptionforunfinishedthread,failontimeout,src/main/java/org/junit/internal/runners/statements/FailOnTimeout.java,statement,src/main/java/org/junit/runners/model/Statement.java,0
23188,throwexceptionforunfinishedthread,statement,src/main/java/org/junit/runners/model/Statement.java,failontimeout,src/main/java/org/junit/internal/runners/statements/FailOnTimeout.java,1
23189,throwtimeoutexception,failontimeout,src/main/java/org/junit/internal/runners/statements/FailOnTimeout.java,statement,src/main/java/org/junit/runners/model/Statement.java,0
23190,throwtimeoutexception,statement,src/main/java/org/junit/runners/model/Statement.java,failontimeout,src/main/java/org/junit/internal/runners/statements/FailOnTimeout.java,1
23191,evaluate,expectexception,src/main/java/org/junit/internal/runners/statements/ExpectException.java,statement,src/main/java/org/junit/runners/model/Statement.java,0
23192,evaluate,statement,src/main/java/org/junit/runners/model/Statement.java,expectexception,src/main/java/org/junit/internal/runners/statements/ExpectException.java,1
23193,evaluate,runafters,src/main/java/org/junit/internal/runners/statements/RunAfters.java,statement,src/main/java/org/junit/runners/model/Statement.java,0
23194,evaluate,statement,src/main/java/org/junit/runners/model/Statement.java,runafters,src/main/java/org/junit/internal/runners/statements/RunAfters.java,1
23195,evaluate,invokemethod,src/main/java/org/junit/internal/runners/statements/InvokeMethod.java,frameworkmethod,src/main/java/org/junit/runners/model/FrameworkMethod.java,0
23196,evaluate,frameworkmethod,src/main/java/org/junit/runners/model/FrameworkMethod.java,invokemethod,src/main/java/org/junit/internal/runners/statements/InvokeMethod.java,1
23197,evaluate,runbefores,src/main/java/org/junit/internal/runners/statements/RunBefores.java,statement,src/main/java/org/junit/runners/model/Statement.java,0
23198,evaluate,statement,src/main/java/org/junit/runners/model/Statement.java,runbefores,src/main/java/org/junit/internal/runners/statements/RunBefores.java,1
23199,apply,timeout,src/main/java/org/junit/rules/Timeout.java,description,src/main/java/org/junit/runner/Description.java,0
23200,apply,description,src/main/java/org/junit/runner/Description.java,timeout,src/main/java/org/junit/rules/Timeout.java,1
23201,apply,timeout,src/main/java/org/junit/rules/Timeout.java,statement,src/main/java/org/junit/runners/model/Statement.java,0
23202,apply,statement,src/main/java/org/junit/runners/model/Statement.java,timeout,src/main/java/org/junit/rules/Timeout.java,1
23203,starting,testname,src/main/java/org/junit/rules/TestName.java,description,src/main/java/org/junit/runner/Description.java,0
23204,starting,description,src/main/java/org/junit/runner/Description.java,testname,src/main/java/org/junit/rules/TestName.java,1
23205,apply,testwatcher,src/main/java/org/junit/rules/TestWatcher.java,description,src/main/java/org/junit/runner/Description.java,0
23206,apply,description,src/main/java/org/junit/runner/Description.java,testwatcher,src/main/java/org/junit/rules/TestWatcher.java,1
23207,apply,testwatcher,src/main/java/org/junit/rules/TestWatcher.java,statement,src/main/java/org/junit/runners/model/Statement.java,0
23208,apply,statement,src/main/java/org/junit/runners/model/Statement.java,testwatcher,src/main/java/org/junit/rules/TestWatcher.java,1
23209,succeeded,testwatcher,src/main/java/org/junit/rules/TestWatcher.java,description,src/main/java/org/junit/runner/Description.java,0
23210,succeeded,description,src/main/java/org/junit/runner/Description.java,testwatcher,src/main/java/org/junit/rules/TestWatcher.java,1
23211,finished,testwatcher,src/main/java/org/junit/rules/TestWatcher.java,description,src/main/java/org/junit/runner/Description.java,0
23212,finished,description,src/main/java/org/junit/runner/Description.java,testwatcher,src/main/java/org/junit/rules/TestWatcher.java,1
23213,apply,testwatchman,src/main/java/org/junit/rules/TestWatchman.java,statement,src/main/java/org/junit/runners/model/Statement.java,0
23214,apply,statement,src/main/java/org/junit/runners/model/Statement.java,testwatchman,src/main/java/org/junit/rules/TestWatchman.java,1
23215,apply,testwatchman,src/main/java/org/junit/rules/TestWatchman.java,frameworkmethod,src/main/java/org/junit/runners/model/FrameworkMethod.java,0
23216,apply,frameworkmethod,src/main/java/org/junit/runners/model/FrameworkMethod.java,testwatchman,src/main/java/org/junit/rules/TestWatchman.java,1
23217,statement,externalresource,src/main/java/org/junit/rules/ExternalResource.java,statement,src/main/java/org/junit/runners/model/Statement.java,0
23218,statement,statement,src/main/java/org/junit/runners/model/Statement.java,externalresource,src/main/java/org/junit/rules/ExternalResource.java,1
23219,apply,verifier,src/main/java/org/junit/rules/Verifier.java,description,src/main/java/org/junit/runner/Description.java,0
23220,apply,description,src/main/java/org/junit/runner/Description.java,verifier,src/main/java/org/junit/rules/Verifier.java,1
23221,apply,verifier,src/main/java/org/junit/rules/Verifier.java,statement,src/main/java/org/junit/runners/model/Statement.java,0
23222,apply,statement,src/main/java/org/junit/runners/model/Statement.java,verifier,src/main/java/org/junit/rules/Verifier.java,1
23223,filterwith,request,src/main/java/org/junit/runner/Request.java,filter,src/main/java/org/junit/runner/manipulation/Filter.java,0
23224,filterwith,filter,src/main/java/org/junit/runner/manipulation/Filter.java,request,src/main/java/org/junit/runner/Request.java,1
23225,runclasses,junitcore,src/main/java/org/junit/runner/JUnitCore.java,computer,src/main/java/org/junit/runner/Computer.java,0
23226,runclasses,computer,src/main/java/org/junit/runner/Computer.java,junitcore,src/main/java/org/junit/runner/JUnitCore.java,1
23227,runclasses,junitcore,src/main/java/org/junit/runner/JUnitCore.java,runnotifier,src/main/java/org/junit/runner/notification/RunNotifier.java,0
23228,runclasses,runnotifier,src/main/java/org/junit/runner/notification/RunNotifier.java,junitcore,src/main/java/org/junit/runner/JUnitCore.java,1
23229,runmain,junitcore,src/main/java/org/junit/runner/JUnitCore.java,runnotifier,src/main/java/org/junit/runner/notification/RunNotifier.java,0
23230,runmain,runnotifier,src/main/java/org/junit/runner/notification/RunNotifier.java,junitcore,src/main/java/org/junit/runner/JUnitCore.java,1
23231,run,junitcore,src/main/java/org/junit/runner/JUnitCore.java,runnotifier,src/main/java/org/junit/runner/notification/RunNotifier.java,0
23232,run,runnotifier,src/main/java/org/junit/runner/notification/RunNotifier.java,junitcore,src/main/java/org/junit/runner/JUnitCore.java,1
23233,compare,sorter,src/main/java/org/junit/runner/manipulation/Sorter.java,description,src/main/java/org/junit/runner/Description.java,0
23234,compare,description,src/main/java/org/junit/runner/Description.java,sorter,src/main/java/org/junit/runner/manipulation/Sorter.java,1
23235,tostring,failure,src/main/java/org/junit/runner/notification/Failure.java,description,src/main/java/org/junit/runner/Description.java,0
23236,tostring,description,src/main/java/org/junit/runner/Description.java,failure,src/main/java/org/junit/runner/notification/Failure.java,1
23237,gettrace,failure,src/main/java/org/junit/runner/notification/Failure.java,description,src/main/java/org/junit/runner/Description.java,0
23238,gettrace,description,src/main/java/org/junit/runner/Description.java,failure,src/main/java/org/junit/runner/notification/Failure.java,1
23239,getmessage,failure,src/main/java/org/junit/runner/notification/Failure.java,description,src/main/java/org/junit/runner/Description.java,0
23240,getmessage,description,src/main/java/org/junit/runner/Description.java,failure,src/main/java/org/junit/runner/notification/Failure.java,1
23241,removelistener,runnotifier,src/main/java/org/junit/runner/notification/RunNotifier.java,runlistener,src/main/java/org/junit/runner/notification/RunListener.java,0
23242,removelistener,runlistener,src/main/java/org/junit/runner/notification/RunListener.java,runnotifier,src/main/java/org/junit/runner/notification/RunNotifier.java,1
23243,fireteststarted,runnotifier,src/main/java/org/junit/runner/notification/RunNotifier.java,description,src/main/java/org/junit/runner/Description.java,0
23244,fireteststarted,description,src/main/java/org/junit/runner/Description.java,runnotifier,src/main/java/org/junit/runner/notification/RunNotifier.java,1
23245,runchild,blockjunit4classrunner,src/main/java/org/junit/runners/BlockJUnit4ClassRunner.java,runnotifier,src/main/java/org/junit/runner/notification/RunNotifier.java,0
23246,runchild,runnotifier,src/main/java/org/junit/runner/notification/RunNotifier.java,blockjunit4classrunner,src/main/java/org/junit/runners/BlockJUnit4ClassRunner.java,1
23247,runchild,blockjunit4classrunner,src/main/java/org/junit/runners/BlockJUnit4ClassRunner.java,frameworkmethod,src/main/java/org/junit/runners/model/FrameworkMethod.java,0
23248,runchild,frameworkmethod,src/main/java/org/junit/runners/model/FrameworkMethod.java,blockjunit4classrunner,src/main/java/org/junit/runners/BlockJUnit4ClassRunner.java,1
23249,methodblock,blockjunit4classrunner,src/main/java/org/junit/runners/BlockJUnit4ClassRunner.java,frameworkmethod,src/main/java/org/junit/runners/model/FrameworkMethod.java,0
23250,methodblock,frameworkmethod,src/main/java/org/junit/runners/model/FrameworkMethod.java,blockjunit4classrunner,src/main/java/org/junit/runners/BlockJUnit4ClassRunner.java,1
23251,possiblyexpectingexceptions,blockjunit4classrunner,src/main/java/org/junit/runners/BlockJUnit4ClassRunner.java,statement,src/main/java/org/junit/runners/model/Statement.java,0
23252,possiblyexpectingexceptions,statement,src/main/java/org/junit/runners/model/Statement.java,blockjunit4classrunner,src/main/java/org/junit/runners/BlockJUnit4ClassRunner.java,1
23253,possiblyexpectingexceptions,blockjunit4classrunner,src/main/java/org/junit/runners/BlockJUnit4ClassRunner.java,frameworkmethod,src/main/java/org/junit/runners/model/FrameworkMethod.java,0
23254,possiblyexpectingexceptions,frameworkmethod,src/main/java/org/junit/runners/model/FrameworkMethod.java,blockjunit4classrunner,src/main/java/org/junit/runners/BlockJUnit4ClassRunner.java,1
23255,withpotentialtimeout,blockjunit4classrunner,src/main/java/org/junit/runners/BlockJUnit4ClassRunner.java,statement,src/main/java/org/junit/runners/model/Statement.java,0
23256,withpotentialtimeout,statement,src/main/java/org/junit/runners/model/Statement.java,blockjunit4classrunner,src/main/java/org/junit/runners/BlockJUnit4ClassRunner.java,1
23257,withpotentialtimeout,blockjunit4classrunner,src/main/java/org/junit/runners/BlockJUnit4ClassRunner.java,frameworkmethod,src/main/java/org/junit/runners/model/FrameworkMethod.java,0
23258,withpotentialtimeout,frameworkmethod,src/main/java/org/junit/runners/model/FrameworkMethod.java,blockjunit4classrunner,src/main/java/org/junit/runners/BlockJUnit4ClassRunner.java,1
23259,withafters,blockjunit4classrunner,src/main/java/org/junit/runners/BlockJUnit4ClassRunner.java,frameworkmethod,src/main/java/org/junit/runners/model/FrameworkMethod.java,0
23260,withafters,frameworkmethod,src/main/java/org/junit/runners/model/FrameworkMethod.java,blockjunit4classrunner,src/main/java/org/junit/runners/BlockJUnit4ClassRunner.java,1
23261,withrules,blockjunit4classrunner,src/main/java/org/junit/runners/BlockJUnit4ClassRunner.java,statement,src/main/java/org/junit/runners/model/Statement.java,0
23262,withrules,statement,src/main/java/org/junit/runners/model/Statement.java,blockjunit4classrunner,src/main/java/org/junit/runners/BlockJUnit4ClassRunner.java,1
23263,withrules,blockjunit4classrunner,src/main/java/org/junit/runners/BlockJUnit4ClassRunner.java,frameworkmethod,src/main/java/org/junit/runners/model/FrameworkMethod.java,0
23264,withrules,frameworkmethod,src/main/java/org/junit/runners/model/FrameworkMethod.java,blockjunit4classrunner,src/main/java/org/junit/runners/BlockJUnit4ClassRunner.java,1
23265,withmethodrules,blockjunit4classrunner,src/main/java/org/junit/runners/BlockJUnit4ClassRunner.java,statement,src/main/java/org/junit/runners/model/Statement.java,0
23266,withmethodrules,statement,src/main/java/org/junit/runners/model/Statement.java,blockjunit4classrunner,src/main/java/org/junit/runners/BlockJUnit4ClassRunner.java,1
23267,withmethodrules,blockjunit4classrunner,src/main/java/org/junit/runners/BlockJUnit4ClassRunner.java,frameworkmethod,src/main/java/org/junit/runners/model/FrameworkMethod.java,0
23268,withmethodrules,frameworkmethod,src/main/java/org/junit/runners/model/FrameworkMethod.java,blockjunit4classrunner,src/main/java/org/junit/runners/BlockJUnit4ClassRunner.java,1
23269,withtestrules,blockjunit4classrunner,src/main/java/org/junit/runners/BlockJUnit4ClassRunner.java,statement,src/main/java/org/junit/runners/model/Statement.java,0
23270,withtestrules,statement,src/main/java/org/junit/runners/model/Statement.java,blockjunit4classrunner,src/main/java/org/junit/runners/BlockJUnit4ClassRunner.java,1
23271,withtestrules,blockjunit4classrunner,src/main/java/org/junit/runners/BlockJUnit4ClassRunner.java,frameworkmethod,src/main/java/org/junit/runners/model/FrameworkMethod.java,0
23272,withtestrules,frameworkmethod,src/main/java/org/junit/runners/model/FrameworkMethod.java,blockjunit4classrunner,src/main/java/org/junit/runners/BlockJUnit4ClassRunner.java,1
23273,getparameterslist,parameterized,src/main/java/org/junit/runners/Parameterized.java,testclass,src/main/java/org/junit/internal/runners/TestClass.java,0
23274,getparameterslist,testclass,src/main/java/org/junit/internal/runners/TestClass.java,parameterized,src/main/java/org/junit/runners/Parameterized.java,1
23275,describechild,parentrunner,src/main/java/org/junit/runners/ParentRunner.java,sorter,src/main/java/org/junit/runner/manipulation/Sorter.java,0
23276,describechild,sorter,src/main/java/org/junit/runner/manipulation/Sorter.java,parentrunner,src/main/java/org/junit/runners/ParentRunner.java,1
23277,describechild,parentrunner,src/main/java/org/junit/runners/ParentRunner.java,testclass,src/main/java/org/junit/internal/runners/TestClass.java,0
23278,describechild,testclass,src/main/java/org/junit/internal/runners/TestClass.java,parentrunner,src/main/java/org/junit/runners/ParentRunner.java,1
23279,runchild,parentrunner,src/main/java/org/junit/runners/ParentRunner.java,testclass,src/main/java/org/junit/internal/runners/TestClass.java,0
23280,runchild,testclass,src/main/java/org/junit/internal/runners/TestClass.java,parentrunner,src/main/java/org/junit/runners/ParentRunner.java,1
23281,classblock,parentrunner,src/main/java/org/junit/runners/ParentRunner.java,sorter,src/main/java/org/junit/runner/manipulation/Sorter.java,0
23282,classblock,sorter,src/main/java/org/junit/runner/manipulation/Sorter.java,parentrunner,src/main/java/org/junit/runners/ParentRunner.java,1
23283,classblock,parentrunner,src/main/java/org/junit/runners/ParentRunner.java,runnotifier,src/main/java/org/junit/runner/notification/RunNotifier.java,0
23284,classblock,runnotifier,src/main/java/org/junit/runner/notification/RunNotifier.java,parentrunner,src/main/java/org/junit/runners/ParentRunner.java,1
23285,withbeforeclasses,parentrunner,src/main/java/org/junit/runners/ParentRunner.java,sorter,src/main/java/org/junit/runner/manipulation/Sorter.java,0
23286,withbeforeclasses,sorter,src/main/java/org/junit/runner/manipulation/Sorter.java,parentrunner,src/main/java/org/junit/runners/ParentRunner.java,1
23287,withbeforeclasses,parentrunner,src/main/java/org/junit/runners/ParentRunner.java,testclass,src/main/java/org/junit/internal/runners/TestClass.java,0
23288,withbeforeclasses,testclass,src/main/java/org/junit/internal/runners/TestClass.java,parentrunner,src/main/java/org/junit/runners/ParentRunner.java,1
23289,withafterclasses,parentrunner,src/main/java/org/junit/runners/ParentRunner.java,sorter,src/main/java/org/junit/runner/manipulation/Sorter.java,0
23290,withafterclasses,sorter,src/main/java/org/junit/runner/manipulation/Sorter.java,parentrunner,src/main/java/org/junit/runners/ParentRunner.java,1
23291,withclassrules,parentrunner,src/main/java/org/junit/runners/ParentRunner.java,testclass,src/main/java/org/junit/internal/runners/TestClass.java,0
23292,withclassrules,testclass,src/main/java/org/junit/internal/runners/TestClass.java,parentrunner,src/main/java/org/junit/runners/ParentRunner.java,1
23293,classrules,parentrunner,src/main/java/org/junit/runners/ParentRunner.java,sorter,src/main/java/org/junit/runner/manipulation/Sorter.java,0
23294,classrules,sorter,src/main/java/org/junit/runner/manipulation/Sorter.java,parentrunner,src/main/java/org/junit/runners/ParentRunner.java,1
23295,runchildren,parentrunner,src/main/java/org/junit/runners/ParentRunner.java,runnotifier,src/main/java/org/junit/runner/notification/RunNotifier.java,0
23296,runchildren,runnotifier,src/main/java/org/junit/runner/notification/RunNotifier.java,parentrunner,src/main/java/org/junit/runners/ParentRunner.java,1
23297,runleaf,parentrunner,src/main/java/org/junit/runners/ParentRunner.java,statement,src/main/java/org/junit/runners/model/Statement.java,0
23298,runleaf,statement,src/main/java/org/junit/runners/model/Statement.java,parentrunner,src/main/java/org/junit/runners/ParentRunner.java,1
23299,sort,parentrunner,src/main/java/org/junit/runners/ParentRunner.java,testclass,src/main/java/org/junit/internal/runners/TestClass.java,0
23300,sort,testclass,src/main/java/org/junit/internal/runners/TestClass.java,parentrunner,src/main/java/org/junit/runners/ParentRunner.java,1
23301,describechild,suite,src/main/java/org/junit/runners/Suite.java,runner,src/main/java/org/junit/runner/Runner.java,0
23302,describechild,runner,src/main/java/org/junit/runner/Runner.java,suite,src/main/java/org/junit/runners/Suite.java,1
23303,runchild,suite,src/main/java/org/junit/runners/Suite.java,runner,src/main/java/org/junit/runner/Runner.java,0
23304,runchild,runner,src/main/java/org/junit/runner/Runner.java,suite,src/main/java/org/junit/runners/Suite.java,1
38913,setfilter,filter,src/main/java/org/junit/runner/manipulation/Filter.java,filter,src/main/java/org/junit/runner/manipulation/Filter.java,0
38914,setfilter,filter,src/main/java/org/junit/runner/manipulation/Filter.java,filter,src/main/java/org/junit/runner/manipulation/Filter.java,1
38921,setwrappedalgorithm,filter,src/main/java/org/junit/runner/manipulation/Filter.java,filter,src/main/java/org/junit/runner/manipulation/Filter.java,0
38922,setwrappedalgorithm,filter,src/main/java/org/junit/runner/manipulation/Filter.java,filter,src/main/java/org/junit/runner/manipulation/Filter.java,1
38929,acceptinstance,filter,src/main/java/org/junit/runner/manipulation/Filter.java,filter,src/main/java/org/junit/runner/manipulation/Filter.java,0
38930,acceptinstance,filter,src/main/java/org/junit/runner/manipulation/Filter.java,filter,src/main/java/org/junit/runner/manipulation/Filter.java,1
38937,processtrainingordatasource,filter,src/main/java/org/junit/runner/manipulation/Filter.java,filter,src/main/java/org/junit/runner/manipulation/Filter.java,0
38938,processtrainingordatasource,filter,src/main/java/org/junit/runner/manipulation/Filter.java,filter,src/main/java/org/junit/runner/manipulation/Filter.java,1
38945,accepttestset,filter,src/main/java/org/junit/runner/manipulation/Filter.java,filter,src/main/java/org/junit/runner/manipulation/Filter.java,0
38946,accepttestset,filter,src/main/java/org/junit/runner/manipulation/Filter.java,filter,src/main/java/org/junit/runner/manipulation/Filter.java,1
38959,setvisual,filter,src/main/java/org/junit/runner/manipulation/Filter.java,filter,src/main/java/org/junit/runner/manipulation/Filter.java,0
38960,setvisual,filter,src/main/java/org/junit/runner/manipulation/Filter.java,filter,src/main/java/org/junit/runner/manipulation/Filter.java,1
38961,usedefaultvisual,filter,src/main/java/org/junit/runner/manipulation/Filter.java,filter,src/main/java/org/junit/runner/manipulation/Filter.java,0
38962,usedefaultvisual,filter,src/main/java/org/junit/runner/manipulation/Filter.java,filter,src/main/java/org/junit/runner/manipulation/Filter.java,1
38963,removetrainingsetlistener,filter,src/main/java/org/junit/runner/manipulation/Filter.java,filter,src/main/java/org/junit/runner/manipulation/Filter.java,0
38964,removetrainingsetlistener,filter,src/main/java/org/junit/runner/manipulation/Filter.java,filter,src/main/java/org/junit/runner/manipulation/Filter.java,1
38973,notifydataortraininglisteners,filter,src/main/java/org/junit/runner/manipulation/Filter.java,filter,src/main/java/org/junit/runner/manipulation/Filter.java,0
38974,notifydataortraininglisteners,filter,src/main/java/org/junit/runner/manipulation/Filter.java,filter,src/main/java/org/junit/runner/manipulation/Filter.java,1
38981,connectionallowed,filter,src/main/java/org/junit/runner/manipulation/Filter.java,filter,src/main/java/org/junit/runner/manipulation/Filter.java,0
38982,connectionallowed,filter,src/main/java/org/junit/runner/manipulation/Filter.java,filter,src/main/java/org/junit/runner/manipulation/Filter.java,1
38989,connectionnotification,filter,src/main/java/org/junit/runner/manipulation/Filter.java,filter,src/main/java/org/junit/runner/manipulation/Filter.java,0
38990,connectionnotification,filter,src/main/java/org/junit/runner/manipulation/Filter.java,filter,src/main/java/org/junit/runner/manipulation/Filter.java,1
38997,disconnectionnotification,filter,src/main/java/org/junit/runner/manipulation/Filter.java,filter,src/main/java/org/junit/runner/manipulation/Filter.java,0
38998,disconnectionnotification,filter,src/main/java/org/junit/runner/manipulation/Filter.java,filter,src/main/java/org/junit/runner/manipulation/Filter.java,1
39005,block,filter,src/main/java/org/junit/runner/manipulation/Filter.java,filter,src/main/java/org/junit/runner/manipulation/Filter.java,0
39006,block,filter,src/main/java/org/junit/runner/manipulation/Filter.java,filter,src/main/java/org/junit/runner/manipulation/Filter.java,1
39013,stop,filter,src/main/java/org/junit/runner/manipulation/Filter.java,filter,src/main/java/org/junit/runner/manipulation/Filter.java,0
39014,stop,filter,src/main/java/org/junit/runner/manipulation/Filter.java,filter,src/main/java/org/junit/runner/manipulation/Filter.java,1
39021,isbusy,filter,src/main/java/org/junit/runner/manipulation/Filter.java,filter,src/main/java/org/junit/runner/manipulation/Filter.java,0
39022,isbusy,filter,src/main/java/org/junit/runner/manipulation/Filter.java,filter,src/main/java/org/junit/runner/manipulation/Filter.java,1
39027,setlog,filter,src/main/java/org/junit/runner/manipulation/Filter.java,filter,src/main/java/org/junit/runner/manipulation/Filter.java,0
39028,setlog,filter,src/main/java/org/junit/runner/manipulation/Filter.java,filter,src/main/java/org/junit/runner/manipulation/Filter.java,1
39033,enumeraterequests,filter,src/main/java/org/junit/runner/manipulation/Filter.java,filter,src/main/java/org/junit/runner/manipulation/Filter.java,0
39034,enumeraterequests,filter,src/main/java/org/junit/runner/manipulation/Filter.java,filter,src/main/java/org/junit/runner/manipulation/Filter.java,1
39041,performrequest,filter,src/main/java/org/junit/runner/manipulation/Filter.java,filter,src/main/java/org/junit/runner/manipulation/Filter.java,0
39042,performrequest,filter,src/main/java/org/junit/runner/manipulation/Filter.java,filter,src/main/java/org/junit/runner/manipulation/Filter.java,1
39049,eventgeneratable,filter,src/main/java/org/junit/runner/manipulation/Filter.java,filter,src/main/java/org/junit/runner/manipulation/Filter.java,0
39050,eventgeneratable,filter,src/main/java/org/junit/runner/manipulation/Filter.java,filter,src/main/java/org/junit/runner/manipulation/Filter.java,1
45079,getincomingconnectiontypes,filter,src/main/java/org/junit/runner/manipulation/Filter.java,filter,src/main/java/org/junit/runner/manipulation/Filter.java,0
45080,getincomingconnectiontypes,filter,src/main/java/org/junit/runner/manipulation/Filter.java,filter,src/main/java/org/junit/runner/manipulation/Filter.java,1
45083,stepinit,filter,src/main/java/org/junit/runner/manipulation/Filter.java,filter,src/main/java/org/junit/runner/manipulation/Filter.java,0
45084,stepinit,filter,src/main/java/org/junit/runner/manipulation/Filter.java,filter,src/main/java/org/junit/runner/manipulation/Filter.java,1
45087,processincoming,filter,src/main/java/org/junit/runner/manipulation/Filter.java,filter,src/main/java/org/junit/runner/manipulation/Filter.java,0
45088,processincoming,filter,src/main/java/org/junit/runner/manipulation/Filter.java,filter,src/main/java/org/junit/runner/manipulation/Filter.java,1
45093,processfirstbatch,filter,src/main/java/org/junit/runner/manipulation/Filter.java,filter,src/main/java/org/junit/runner/manipulation/Filter.java,0
45094,processfirstbatch,filter,src/main/java/org/junit/runner/manipulation/Filter.java,filter,src/main/java/org/junit/runner/manipulation/Filter.java,1
45099,processsubsequentbatch,filter,src/main/java/org/junit/runner/manipulation/Filter.java,filter,src/main/java/org/junit/runner/manipulation/Filter.java,0
45100,processsubsequentbatch,filter,src/main/java/org/junit/runner/manipulation/Filter.java,filter,src/main/java/org/junit/runner/manipulation/Filter.java,1
45103,processstreaming,filter,src/main/java/org/junit/runner/manipulation/Filter.java,filter,src/main/java/org/junit/runner/manipulation/Filter.java,0
45104,processstreaming,filter,src/main/java/org/junit/runner/manipulation/Filter.java,filter,src/main/java/org/junit/runner/manipulation/Filter.java,1
45107,checkpendingstreaming,filter,src/main/java/org/junit/runner/manipulation/Filter.java,filter,src/main/java/org/junit/runner/manipulation/Filter.java,0
45108,checkpendingstreaming,filter,src/main/java/org/junit/runner/manipulation/Filter.java,filter,src/main/java/org/junit/runner/manipulation/Filter.java,1
