id,method-name,contain-class-name,contain-class-path,target-class-name,target-class-path,tag
25525,run,testsetup,src/main/java/junit/extensions/TestSetup.java,testresult,src/main/java/junit/framework/TestResult.java,0
25526,run,testresult,src/main/java/junit/framework/TestResult.java,testsetup,src/main/java/junit/extensions/TestSetup.java,1
25527,run,repeatedtest,src/main/java/junit/extensions/RepeatedTest.java,testresult,src/main/java/junit/framework/TestResult.java,0
25528,run,testresult,src/main/java/junit/framework/TestResult.java,repeatedtest,src/main/java/junit/extensions/RepeatedTest.java,1
25529,basicrun,testdecorator,src/main/java/junit/extensions/TestDecorator.java,testresult,src/main/java/junit/framework/TestResult.java,0
25530,basicrun,testresult,src/main/java/junit/framework/TestResult.java,testdecorator,src/main/java/junit/extensions/TestDecorator.java,1
25531,run,activetestsuite,src/main/java/junit/extensions/ActiveTestSuite.java,testresult,src/main/java/junit/framework/TestResult.java,0
25532,run,testresult,src/main/java/junit/framework/TestResult.java,activetestsuite,src/main/java/junit/extensions/ActiveTestSuite.java,1
25533,runtest,activetestsuite,src/main/java/junit/extensions/ActiveTestSuite.java,testresult,src/main/java/junit/framework/TestResult.java,0
25534,runtest,testresult,src/main/java/junit/framework/TestResult.java,activetestsuite,src/main/java/junit/extensions/ActiveTestSuite.java,1
25535,addfailure,testresult,src/main/java/junit/framework/TestResult.java,assertionfailederror,src/main/java/junit/framework/AssertionFailedError.java,0
25536,addfailure,assertionfailederror,src/main/java/junit/framework/AssertionFailedError.java,testresult,src/main/java/junit/framework/TestResult.java,1
25537,run,testresult,src/main/java/junit/framework/TestResult.java,testcase,src/main/java/junit/framework/TestCase.java,0
25538,run,testcase,src/main/java/junit/framework/TestCase.java,testresult,src/main/java/junit/framework/TestResult.java,1
25539,run,junit4testadapter,src/main/java/junit/framework/JUnit4TestAdapter.java,junit4testadapter,src/main/java/junit/framework/JUnit4TestAdapter.java,0
25540,run,junit4testadapter,src/main/java/junit/framework/JUnit4TestAdapter.java,junit4testadapter,src/main/java/junit/framework/JUnit4TestAdapter.java,1
25541,gettestclass,junit4testadapter,src/main/java/junit/framework/JUnit4TestAdapter.java,runner,src/main/java/org/junit/runner/Runner.java,0
25542,gettestclass,runner,src/main/java/org/junit/runner/Runner.java,junit4testadapter,src/main/java/junit/framework/JUnit4TestAdapter.java,1
25543,getdescription,junit4testadapter,src/main/java/junit/framework/JUnit4TestAdapter.java,junit4testadapter,src/main/java/junit/framework/JUnit4TestAdapter.java,0
25544,getdescription,junit4testadapter,src/main/java/junit/framework/JUnit4TestAdapter.java,junit4testadapter,src/main/java/junit/framework/JUnit4TestAdapter.java,1
25545,getdescription,junit4testadapter,src/main/java/junit/framework/JUnit4TestAdapter.java,runner,src/main/java/org/junit/runner/Runner.java,0
25546,getdescription,runner,src/main/java/org/junit/runner/Runner.java,junit4testadapter,src/main/java/junit/framework/JUnit4TestAdapter.java,1
25547,removeignored,junit4testadapter,src/main/java/junit/framework/JUnit4TestAdapter.java,junit4testadapter,src/main/java/junit/framework/JUnit4TestAdapter.java,0
25548,removeignored,junit4testadapter,src/main/java/junit/framework/JUnit4TestAdapter.java,junit4testadapter,src/main/java/junit/framework/JUnit4TestAdapter.java,1
25549,removeignored,junit4testadapter,src/main/java/junit/framework/JUnit4TestAdapter.java,description,src/main/java/org/junit/runner/Description.java,0
25550,removeignored,description,src/main/java/org/junit/runner/Description.java,junit4testadapter,src/main/java/junit/framework/JUnit4TestAdapter.java,1
25551,removeignored,junit4testadapter,src/main/java/junit/framework/JUnit4TestAdapter.java,runner,src/main/java/org/junit/runner/Runner.java,0
25552,removeignored,runner,src/main/java/org/junit/runner/Runner.java,junit4testadapter,src/main/java/junit/framework/JUnit4TestAdapter.java,1
25553,tostring,junit4testadapter,src/main/java/junit/framework/JUnit4TestAdapter.java,junit4testadapter,src/main/java/junit/framework/JUnit4TestAdapter.java,0
25554,tostring,junit4testadapter,src/main/java/junit/framework/JUnit4TestAdapter.java,junit4testadapter,src/main/java/junit/framework/JUnit4TestAdapter.java,1
25555,tostring,junit4testadapter,src/main/java/junit/framework/JUnit4TestAdapter.java,runner,src/main/java/org/junit/runner/Runner.java,0
25556,tostring,runner,src/main/java/org/junit/runner/Runner.java,junit4testadapter,src/main/java/junit/framework/JUnit4TestAdapter.java,1
25557,astest,junit4testadapter,src/main/java/junit/framework/JUnit4TestAdapter.java,description,src/main/java/org/junit/runner/Description.java,0
25558,astest,description,src/main/java/org/junit/runner/Description.java,junit4testadapter,src/main/java/junit/framework/JUnit4TestAdapter.java,1
25559,createtest,junit4testadapter,src/main/java/junit/framework/JUnit4TestAdapter.java,description,src/main/java/org/junit/runner/Description.java,0
25560,createtest,description,src/main/java/org/junit/runner/Description.java,junit4testadapter,src/main/java/junit/framework/JUnit4TestAdapter.java,1
25561,getnotifier,junit4testadapter,src/main/java/junit/framework/JUnit4TestAdapter.java,testresult,src/main/java/junit/framework/TestResult.java,0
25562,getnotifier,testresult,src/main/java/junit/framework/TestResult.java,junit4testadapter,src/main/java/junit/framework/JUnit4TestAdapter.java,1
25563,getnotifier,junit4testadapter,src/main/java/junit/framework/JUnit4TestAdapter.java,junit4testadapter,src/main/java/junit/framework/JUnit4TestAdapter.java,0
25564,getnotifier,junit4testadapter,src/main/java/junit/framework/JUnit4TestAdapter.java,junit4testadapter,src/main/java/junit/framework/JUnit4TestAdapter.java,1
25565,astestlist,junit4testadapter,src/main/java/junit/framework/JUnit4TestAdapter.java,description,src/main/java/org/junit/runner/Description.java,0
25566,astestlist,description,src/main/java/org/junit/runner/Description.java,junit4testadapter,src/main/java/junit/framework/JUnit4TestAdapter.java,1
25567,counttestcases,junit4testcasefacade,src/main/java/junit/framework/JUnit4TestCaseFacade.java,description,src/main/java/org/junit/runner/Description.java,0
25568,counttestcases,description,src/main/java/org/junit/runner/Description.java,junit4testcasefacade,src/main/java/junit/framework/JUnit4TestCaseFacade.java,1
25569,print,resultprinter,src/main/java/junit/textui/ResultPrinter.java,testresult,src/main/java/junit/framework/TestResult.java,0
25570,print,testresult,src/main/java/junit/framework/TestResult.java,resultprinter,src/main/java/junit/textui/ResultPrinter.java,1
25571,printdefect,resultprinter,src/main/java/junit/textui/ResultPrinter.java,testfailure,src/main/java/junit/framework/TestFailure.java,0
25572,printdefect,testfailure,src/main/java/junit/framework/TestFailure.java,resultprinter,src/main/java/junit/textui/ResultPrinter.java,1
25573,printdefectheader,resultprinter,src/main/java/junit/textui/ResultPrinter.java,testfailure,src/main/java/junit/framework/TestFailure.java,0
25574,printdefectheader,testfailure,src/main/java/junit/framework/TestFailure.java,resultprinter,src/main/java/junit/textui/ResultPrinter.java,1
25575,printdefecttrace,resultprinter,src/main/java/junit/textui/ResultPrinter.java,testfailure,src/main/java/junit/framework/TestFailure.java,0
25576,printdefecttrace,testfailure,src/main/java/junit/framework/TestFailure.java,resultprinter,src/main/java/junit/textui/ResultPrinter.java,1
25577,printfooter,resultprinter,src/main/java/junit/textui/ResultPrinter.java,testresult,src/main/java/junit/framework/TestResult.java,0
25578,printfooter,testresult,src/main/java/junit/framework/TestResult.java,resultprinter,src/main/java/junit/textui/ResultPrinter.java,1
25579,addfailure,resultprinter,src/main/java/junit/textui/ResultPrinter.java,assertionfailederror,src/main/java/junit/framework/AssertionFailedError.java,0
25580,addfailure,assertionfailederror,src/main/java/junit/framework/AssertionFailedError.java,resultprinter,src/main/java/junit/textui/ResultPrinter.java,1
25581,run,testrunner,src/main/java/junit/textui/TestRunner.java,resultprinter,src/main/java/junit/textui/ResultPrinter.java,0
25582,run,resultprinter,src/main/java/junit/textui/ResultPrinter.java,testrunner,src/main/java/junit/textui/TestRunner.java,1
25583,runandwait,testrunner,src/main/java/junit/textui/TestRunner.java,resultprinter,src/main/java/junit/textui/ResultPrinter.java,0
25584,runandwait,resultprinter,src/main/java/junit/textui/ResultPrinter.java,testrunner,src/main/java/junit/textui/TestRunner.java,1
25585,dorun,testrunner,src/main/java/junit/textui/TestRunner.java,resultprinter,src/main/java/junit/textui/ResultPrinter.java,0
25586,dorun,resultprinter,src/main/java/junit/textui/ResultPrinter.java,testrunner,src/main/java/junit/textui/TestRunner.java,1
25587,main,testrunner,src/main/java/junit/textui/TestRunner.java,resultprinter,src/main/java/junit/textui/ResultPrinter.java,0
25588,main,resultprinter,src/main/java/junit/textui/ResultPrinter.java,testrunner,src/main/java/junit/textui/TestRunner.java,1
25589,start,testrunner,src/main/java/junit/textui/TestRunner.java,resultprinter,src/main/java/junit/textui/ResultPrinter.java,0
25590,start,resultprinter,src/main/java/junit/textui/ResultPrinter.java,testrunner,src/main/java/junit/textui/TestRunner.java,1
25591,runsinglemethod,testrunner,src/main/java/junit/textui/TestRunner.java,resultprinter,src/main/java/junit/textui/ResultPrinter.java,0
25592,runsinglemethod,resultprinter,src/main/java/junit/textui/ResultPrinter.java,testrunner,src/main/java/junit/textui/TestRunner.java,1
25593,getsuite,parallelcomputer,src/main/java/org/junit/experimental/ParallelComputer.java,runnerbuilder,src/main/java/org/junit/runners/model/RunnerBuilder.java,0
25594,getsuite,runnerbuilder,src/main/java/org/junit/runners/model/RunnerBuilder.java,parallelcomputer,src/main/java/org/junit/experimental/ParallelComputer.java,1
25595,getrunner,parallelcomputer,src/main/java/org/junit/experimental/ParallelComputer.java,runnerbuilder,src/main/java/org/junit/runners/model/RunnerBuilder.java,0
25596,getrunner,runnerbuilder,src/main/java/org/junit/runners/model/RunnerBuilder.java,parallelcomputer,src/main/java/org/junit/experimental/ParallelComputer.java,1
25597,assertnocategorizeddescendentsof,categories,src/main/java/org/junit/experimental/categories/Categories.java,description,src/main/java/org/junit/runner/Description.java,0
25598,assertnocategorizeddescendentsof,description,src/main/java/org/junit/runner/Description.java,categories,src/main/java/org/junit/experimental/categories/Categories.java,1
25599,getfailuretimestamp,maxhistory,src/main/java/org/junit/experimental/max/MaxHistory.java,description,src/main/java/org/junit/runner/Description.java,0
25600,getfailuretimestamp,description,src/main/java/org/junit/runner/Description.java,maxhistory,src/main/java/org/junit/experimental/max/MaxHistory.java,1
25601,puttestfailuretimestamp,maxhistory,src/main/java/org/junit/experimental/max/MaxHistory.java,description,src/main/java/org/junit/runner/Description.java,0
25602,puttestfailuretimestamp,description,src/main/java/org/junit/runner/Description.java,maxhistory,src/main/java/org/junit/experimental/max/MaxHistory.java,1
25603,isnewtest,maxhistory,src/main/java/org/junit/experimental/max/MaxHistory.java,description,src/main/java/org/junit/runner/Description.java,0
25604,isnewtest,description,src/main/java/org/junit/runner/Description.java,maxhistory,src/main/java/org/junit/experimental/max/MaxHistory.java,1
25605,gettestduration,maxhistory,src/main/java/org/junit/experimental/max/MaxHistory.java,description,src/main/java/org/junit/runner/Description.java,0
25606,gettestduration,description,src/main/java/org/junit/runner/Description.java,maxhistory,src/main/java/org/junit/experimental/max/MaxHistory.java,1
25607,puttestduration,maxhistory,src/main/java/org/junit/experimental/max/MaxHistory.java,description,src/main/java/org/junit/runner/Description.java,0
25608,puttestduration,description,src/main/java/org/junit/runner/Description.java,maxhistory,src/main/java/org/junit/experimental/max/MaxHistory.java,1
25609,run,maxcore,src/main/java/org/junit/experimental/max/MaxCore.java,maxhistory,src/main/java/org/junit/experimental/max/MaxHistory.java,0
25610,run,maxhistory,src/main/java/org/junit/experimental/max/MaxHistory.java,maxcore,src/main/java/org/junit/experimental/max/MaxCore.java,1
25611,run,maxcore,src/main/java/org/junit/experimental/max/MaxCore.java,maxhistory,src/main/java/org/junit/experimental/max/MaxHistory.java,0
25612,run,maxhistory,src/main/java/org/junit/experimental/max/MaxHistory.java,maxcore,src/main/java/org/junit/experimental/max/MaxCore.java,1
25613,run,maxcore,src/main/java/org/junit/experimental/max/MaxCore.java,request,src/main/java/org/junit/runner/Request.java,0
25614,run,request,src/main/java/org/junit/runner/Request.java,maxcore,src/main/java/org/junit/experimental/max/MaxCore.java,1
25615,run,maxcore,src/main/java/org/junit/experimental/max/MaxCore.java,junitcore,src/main/java/org/junit/runner/JUnitCore.java,0
25616,run,junitcore,src/main/java/org/junit/runner/JUnitCore.java,maxcore,src/main/java/org/junit/experimental/max/MaxCore.java,1
25617,sortrequest,maxcore,src/main/java/org/junit/experimental/max/MaxCore.java,maxhistory,src/main/java/org/junit/experimental/max/MaxHistory.java,0
25618,sortrequest,maxhistory,src/main/java/org/junit/experimental/max/MaxHistory.java,maxcore,src/main/java/org/junit/experimental/max/MaxCore.java,1
25619,sortrequest,maxcore,src/main/java/org/junit/experimental/max/MaxCore.java,request,src/main/java/org/junit/runner/Request.java,0
25620,sortrequest,request,src/main/java/org/junit/runner/Request.java,maxcore,src/main/java/org/junit/experimental/max/MaxCore.java,1
25621,constructleafrequest,maxcore,src/main/java/org/junit/experimental/max/MaxCore.java,maxhistory,src/main/java/org/junit/experimental/max/MaxHistory.java,0
25622,constructleafrequest,maxhistory,src/main/java/org/junit/experimental/max/MaxHistory.java,maxcore,src/main/java/org/junit/experimental/max/MaxCore.java,1
25623,buildrunner,maxcore,src/main/java/org/junit/experimental/max/MaxCore.java,maxhistory,src/main/java/org/junit/experimental/max/MaxHistory.java,0
25624,buildrunner,maxhistory,src/main/java/org/junit/experimental/max/MaxHistory.java,maxcore,src/main/java/org/junit/experimental/max/MaxCore.java,1
25625,buildrunner,maxcore,src/main/java/org/junit/experimental/max/MaxCore.java,description,src/main/java/org/junit/runner/Description.java,0
25626,buildrunner,description,src/main/java/org/junit/runner/Description.java,maxcore,src/main/java/org/junit/experimental/max/MaxCore.java,1
25627,findleaves,maxcore,src/main/java/org/junit/experimental/max/MaxCore.java,maxhistory,src/main/java/org/junit/experimental/max/MaxHistory.java,0
25628,findleaves,maxhistory,src/main/java/org/junit/experimental/max/MaxHistory.java,maxcore,src/main/java/org/junit/experimental/max/MaxCore.java,1
25629,findleaves,maxcore,src/main/java/org/junit/experimental/max/MaxCore.java,request,src/main/java/org/junit/runner/Request.java,0
25630,findleaves,request,src/main/java/org/junit/runner/Request.java,maxcore,src/main/java/org/junit/experimental/max/MaxCore.java,1
25631,getvaluesources,allmemberssupplier,src/main/java/org/junit/experimental/theories/internal/AllMembersSupplier.java,parametersignature,src/main/java/org/junit/experimental/theories/ParameterSignature.java,0
25632,getvaluesources,parametersignature,src/main/java/org/junit/experimental/theories/ParameterSignature.java,allmemberssupplier,src/main/java/org/junit/experimental/theories/internal/AllMembersSupplier.java,1
25633,getvaluesources,allmemberssupplier,src/main/java/org/junit/experimental/theories/internal/AllMembersSupplier.java,testclass,src/main/java/org/junit/internal/runners/TestClass.java,0
25634,getvaluesources,testclass,src/main/java/org/junit/internal/runners/TestClass.java,allmemberssupplier,src/main/java/org/junit/experimental/theories/internal/AllMembersSupplier.java,1
25635,addmultipointmethods,allmemberssupplier,src/main/java/org/junit/experimental/theories/internal/AllMembersSupplier.java,testclass,src/main/java/org/junit/internal/runners/TestClass.java,0
25636,addmultipointmethods,testclass,src/main/java/org/junit/internal/runners/TestClass.java,allmemberssupplier,src/main/java/org/junit/experimental/theories/internal/AllMembersSupplier.java,1
25637,addsinglepointmethods,allmemberssupplier,src/main/java/org/junit/experimental/theories/internal/AllMembersSupplier.java,testclass,src/main/java/org/junit/internal/runners/TestClass.java,0
25638,addsinglepointmethods,testclass,src/main/java/org/junit/internal/runners/TestClass.java,allmemberssupplier,src/main/java/org/junit/experimental/theories/internal/AllMembersSupplier.java,1
25639,addfields,allmemberssupplier,src/main/java/org/junit/experimental/theories/internal/AllMembersSupplier.java,parametersignature,src/main/java/org/junit/experimental/theories/ParameterSignature.java,0
25640,addfields,parametersignature,src/main/java/org/junit/experimental/theories/ParameterSignature.java,allmemberssupplier,src/main/java/org/junit/experimental/theories/internal/AllMembersSupplier.java,1
25641,addfields,allmemberssupplier,src/main/java/org/junit/experimental/theories/internal/AllMembersSupplier.java,testclass,src/main/java/org/junit/internal/runners/TestClass.java,0
25642,addfields,testclass,src/main/java/org/junit/internal/runners/TestClass.java,allmemberssupplier,src/main/java/org/junit/experimental/theories/internal/AllMembersSupplier.java,1
25643,potentialsfornextunassigned,assignments,src/main/java/org/junit/experimental/theories/internal/Assignments.java,testclass,src/main/java/org/junit/internal/runners/TestClass.java,0
25644,potentialsfornextunassigned,testclass,src/main/java/org/junit/internal/runners/TestClass.java,assignments,src/main/java/org/junit/experimental/theories/internal/Assignments.java,1
25645,getsupplier,assignments,src/main/java/org/junit/experimental/theories/internal/Assignments.java,parametersignature,src/main/java/org/junit/experimental/theories/ParameterSignature.java,0
25646,getsupplier,parametersignature,src/main/java/org/junit/experimental/theories/ParameterSignature.java,assignments,src/main/java/org/junit/experimental/theories/internal/Assignments.java,1
25647,getsupplier,assignments,src/main/java/org/junit/experimental/theories/internal/Assignments.java,testclass,src/main/java/org/junit/internal/runners/TestClass.java,0
25648,getsupplier,testclass,src/main/java/org/junit/internal/runners/TestClass.java,assignments,src/main/java/org/junit/experimental/theories/internal/Assignments.java,1
25649,testrunfinished,textlistener,src/main/java/org/junit/internal/TextListener.java,result,src/main/java/org/junit/runner/Result.java,0
25650,testrunfinished,result,src/main/java/org/junit/runner/Result.java,textlistener,src/main/java/org/junit/internal/TextListener.java,1
25651,teststarted,textlistener,src/main/java/org/junit/internal/TextListener.java,description,src/main/java/org/junit/runner/Description.java,0
25652,teststarted,description,src/main/java/org/junit/runner/Description.java,textlistener,src/main/java/org/junit/internal/TextListener.java,1
25653,testfailure,textlistener,src/main/java/org/junit/internal/TextListener.java,failure,src/main/java/org/junit/runner/notification/Failure.java,0
25654,testfailure,failure,src/main/java/org/junit/runner/notification/Failure.java,textlistener,src/main/java/org/junit/internal/TextListener.java,1
25655,testignored,textlistener,src/main/java/org/junit/internal/TextListener.java,description,src/main/java/org/junit/runner/Description.java,0
25656,testignored,description,src/main/java/org/junit/runner/Description.java,textlistener,src/main/java/org/junit/internal/TextListener.java,1
25657,printfailures,textlistener,src/main/java/org/junit/internal/TextListener.java,result,src/main/java/org/junit/runner/Result.java,0
25658,printfailures,result,src/main/java/org/junit/runner/Result.java,textlistener,src/main/java/org/junit/internal/TextListener.java,1
25659,printfailure,textlistener,src/main/java/org/junit/internal/TextListener.java,failure,src/main/java/org/junit/runner/notification/Failure.java,0
25660,printfailure,failure,src/main/java/org/junit/runner/notification/Failure.java,textlistener,src/main/java/org/junit/internal/TextListener.java,1
25661,printfooter,textlistener,src/main/java/org/junit/internal/TextListener.java,result,src/main/java/org/junit/runner/Result.java,0
25662,printfooter,result,src/main/java/org/junit/runner/Result.java,textlistener,src/main/java/org/junit/internal/TextListener.java,1
25663,run,ignoredclassrunner,src/main/java/org/junit/internal/builders/IgnoredClassRunner.java,runnotifier,src/main/java/org/junit/runner/notification/RunNotifier.java,0
25664,run,runnotifier,src/main/java/org/junit/runner/notification/RunNotifier.java,ignoredclassrunner,src/main/java/org/junit/internal/builders/IgnoredClassRunner.java,1
25665,runnerforclass,annotatedbuilder,src/main/java/org/junit/internal/builders/AnnotatedBuilder.java,runnerbuilder,src/main/java/org/junit/runners/model/RunnerBuilder.java,0
25666,runnerforclass,runnerbuilder,src/main/java/org/junit/runners/model/RunnerBuilder.java,annotatedbuilder,src/main/java/org/junit/internal/builders/AnnotatedBuilder.java,1
25667,getrunner,sortingrequest,src/main/java/org/junit/internal/requests/SortingRequest.java,request,src/main/java/org/junit/runner/Request.java,0
25668,getrunner,request,src/main/java/org/junit/runner/Request.java,sortingrequest,src/main/java/org/junit/internal/requests/SortingRequest.java,1
25669,run,errorreportingrunner,src/main/java/org/junit/internal/runners/ErrorReportingRunner.java,runnotifier,src/main/java/org/junit/runner/notification/RunNotifier.java,0
25670,run,runnotifier,src/main/java/org/junit/runner/notification/RunNotifier.java,errorreportingrunner,src/main/java/org/junit/internal/runners/ErrorReportingRunner.java,1
25671,runcause,errorreportingrunner,src/main/java/org/junit/internal/runners/ErrorReportingRunner.java,runnotifier,src/main/java/org/junit/runner/notification/RunNotifier.java,0
25672,runcause,runnotifier,src/main/java/org/junit/runner/notification/RunNotifier.java,errorreportingrunner,src/main/java/org/junit/internal/runners/ErrorReportingRunner.java,1
25673,rununprotected,classroadie,src/main/java/org/junit/internal/runners/ClassRoadie.java,testclass,src/main/java/org/junit/internal/runners/TestClass.java,0
25674,rununprotected,testclass,src/main/java/org/junit/internal/runners/TestClass.java,classroadie,src/main/java/org/junit/internal/runners/ClassRoadie.java,1
25675,rununprotected,classroadie,src/main/java/org/junit/internal/runners/ClassRoadie.java,description,src/main/java/org/junit/runner/Description.java,0
25676,rununprotected,description,src/main/java/org/junit/runner/Description.java,classroadie,src/main/java/org/junit/internal/runners/ClassRoadie.java,1
25677,rununprotected,classroadie,src/main/java/org/junit/internal/runners/ClassRoadie.java,runnotifier,src/main/java/org/junit/runner/notification/RunNotifier.java,0
25678,rununprotected,runnotifier,src/main/java/org/junit/runner/notification/RunNotifier.java,classroadie,src/main/java/org/junit/internal/runners/ClassRoadie.java,1
25679,runprotected,classroadie,src/main/java/org/junit/internal/runners/ClassRoadie.java,testclass,src/main/java/org/junit/internal/runners/TestClass.java,0
25680,runprotected,testclass,src/main/java/org/junit/internal/runners/TestClass.java,classroadie,src/main/java/org/junit/internal/runners/ClassRoadie.java,1
25681,runprotected,classroadie,src/main/java/org/junit/internal/runners/ClassRoadie.java,description,src/main/java/org/junit/runner/Description.java,0
25682,runprotected,description,src/main/java/org/junit/runner/Description.java,classroadie,src/main/java/org/junit/internal/runners/ClassRoadie.java,1
25683,runprotected,classroadie,src/main/java/org/junit/internal/runners/ClassRoadie.java,runnotifier,src/main/java/org/junit/runner/notification/RunNotifier.java,0
25684,runprotected,runnotifier,src/main/java/org/junit/runner/notification/RunNotifier.java,classroadie,src/main/java/org/junit/internal/runners/ClassRoadie.java,1
25685,runbefores,classroadie,src/main/java/org/junit/internal/runners/ClassRoadie.java,description,src/main/java/org/junit/runner/Description.java,0
25686,runbefores,description,src/main/java/org/junit/runner/Description.java,classroadie,src/main/java/org/junit/internal/runners/ClassRoadie.java,1
25687,run,methodroadie,src/main/java/org/junit/internal/runners/MethodRoadie.java,testmethod,src/main/java/org/junit/internal/runners/TestMethod.java,0
25688,run,testmethod,src/main/java/org/junit/internal/runners/TestMethod.java,methodroadie,src/main/java/org/junit/internal/runners/MethodRoadie.java,1
25689,run,methodroadie,src/main/java/org/junit/internal/runners/MethodRoadie.java,description,src/main/java/org/junit/runner/Description.java,0
25690,run,description,src/main/java/org/junit/runner/Description.java,methodroadie,src/main/java/org/junit/internal/runners/MethodRoadie.java,1
25691,run,methodroadie,src/main/java/org/junit/internal/runners/MethodRoadie.java,runnotifier,src/main/java/org/junit/runner/notification/RunNotifier.java,0
25692,run,runnotifier,src/main/java/org/junit/runner/notification/RunNotifier.java,methodroadie,src/main/java/org/junit/internal/runners/MethodRoadie.java,1
25693,runbeforesthentestthen,methodroadie,src/main/java/org/junit/internal/runners/MethodRoadie.java,testmethod,src/main/java/org/junit/internal/runners/TestMethod.java,0
25694,runbeforesthentestthen,testmethod,src/main/java/org/junit/internal/runners/TestMethod.java,methodroadie,src/main/java/org/junit/internal/runners/MethodRoadie.java,1
25695,runbeforesthentestthen,methodroadie,src/main/java/org/junit/internal/runners/MethodRoadie.java,description,src/main/java/org/junit/runner/Description.java,0
25696,runbeforesthentestthen,description,src/main/java/org/junit/runner/Description.java,methodroadie,src/main/java/org/junit/internal/runners/MethodRoadie.java,1
25697,runbeforesthentestthen,methodroadie,src/main/java/org/junit/internal/runners/MethodRoadie.java,runnotifier,src/main/java/org/junit/runner/notification/RunNotifier.java,0
25698,runbeforesthentestthen,runnotifier,src/main/java/org/junit/runner/notification/RunNotifier.java,methodroadie,src/main/java/org/junit/internal/runners/MethodRoadie.java,1
25699,runtestmethod,methodroadie,src/main/java/org/junit/internal/runners/MethodRoadie.java,testmethod,src/main/java/org/junit/internal/runners/TestMethod.java,0
25700,runtestmethod,testmethod,src/main/java/org/junit/internal/runners/TestMethod.java,methodroadie,src/main/java/org/junit/internal/runners/MethodRoadie.java,1
25701,runtestmethod,methodroadie,src/main/java/org/junit/internal/runners/MethodRoadie.java,description,src/main/java/org/junit/runner/Description.java,0
25702,runtestmethod,description,src/main/java/org/junit/runner/Description.java,methodroadie,src/main/java/org/junit/internal/runners/MethodRoadie.java,1
25703,runtestmethod,methodroadie,src/main/java/org/junit/internal/runners/MethodRoadie.java,runnotifier,src/main/java/org/junit/runner/notification/RunNotifier.java,0
25704,runtestmethod,runnotifier,src/main/java/org/junit/runner/notification/RunNotifier.java,methodroadie,src/main/java/org/junit/internal/runners/MethodRoadie.java,1
25705,runbefores,methodroadie,src/main/java/org/junit/internal/runners/MethodRoadie.java,testmethod,src/main/java/org/junit/internal/runners/TestMethod.java,0
25706,runbefores,testmethod,src/main/java/org/junit/internal/runners/TestMethod.java,methodroadie,src/main/java/org/junit/internal/runners/MethodRoadie.java,1
25707,runbefores,methodroadie,src/main/java/org/junit/internal/runners/MethodRoadie.java,description,src/main/java/org/junit/runner/Description.java,0
25708,runbefores,description,src/main/java/org/junit/runner/Description.java,methodroadie,src/main/java/org/junit/internal/runners/MethodRoadie.java,1
25709,runbefores,methodroadie,src/main/java/org/junit/internal/runners/MethodRoadie.java,runnotifier,src/main/java/org/junit/runner/notification/RunNotifier.java,0
25710,runbefores,runnotifier,src/main/java/org/junit/runner/notification/RunNotifier.java,methodroadie,src/main/java/org/junit/internal/runners/MethodRoadie.java,1
25711,runafters,methodroadie,src/main/java/org/junit/internal/runners/MethodRoadie.java,testmethod,src/main/java/org/junit/internal/runners/TestMethod.java,0
25712,runafters,testmethod,src/main/java/org/junit/internal/runners/TestMethod.java,methodroadie,src/main/java/org/junit/internal/runners/MethodRoadie.java,1
25713,runafters,methodroadie,src/main/java/org/junit/internal/runners/MethodRoadie.java,description,src/main/java/org/junit/runner/Description.java,0
25714,runafters,description,src/main/java/org/junit/runner/Description.java,methodroadie,src/main/java/org/junit/internal/runners/MethodRoadie.java,1
25715,runafters,methodroadie,src/main/java/org/junit/internal/runners/MethodRoadie.java,runnotifier,src/main/java/org/junit/runner/notification/RunNotifier.java,0
25716,runafters,runnotifier,src/main/java/org/junit/runner/notification/RunNotifier.java,methodroadie,src/main/java/org/junit/internal/runners/MethodRoadie.java,1
25717,run,junit4classrunner,src/main/java/org/junit/internal/runners/JUnit4ClassRunner.java,testclass,src/main/java/org/junit/internal/runners/TestClass.java,0
25718,run,testclass,src/main/java/org/junit/internal/runners/TestClass.java,junit4classrunner,src/main/java/org/junit/internal/runners/JUnit4ClassRunner.java,1
25719,run,junit4classrunner,src/main/java/org/junit/internal/runners/JUnit4ClassRunner.java,runnotifier,src/main/java/org/junit/runner/notification/RunNotifier.java,0
25720,run,runnotifier,src/main/java/org/junit/runner/notification/RunNotifier.java,junit4classrunner,src/main/java/org/junit/internal/runners/JUnit4ClassRunner.java,1
25721,runmethods,junit4classrunner,src/main/java/org/junit/internal/runners/JUnit4ClassRunner.java,testclass,src/main/java/org/junit/internal/runners/TestClass.java,0
25722,runmethods,testclass,src/main/java/org/junit/internal/runners/TestClass.java,junit4classrunner,src/main/java/org/junit/internal/runners/JUnit4ClassRunner.java,1
25723,runmethods,junit4classrunner,src/main/java/org/junit/internal/runners/JUnit4ClassRunner.java,runnotifier,src/main/java/org/junit/runner/notification/RunNotifier.java,0
25724,runmethods,runnotifier,src/main/java/org/junit/runner/notification/RunNotifier.java,junit4classrunner,src/main/java/org/junit/internal/runners/JUnit4ClassRunner.java,1
25725,getdescription,junit4classrunner,src/main/java/org/junit/internal/runners/JUnit4ClassRunner.java,testclass,src/main/java/org/junit/internal/runners/TestClass.java,0
25726,getdescription,testclass,src/main/java/org/junit/internal/runners/TestClass.java,junit4classrunner,src/main/java/org/junit/internal/runners/JUnit4ClassRunner.java,1
25727,invoketestmethod,junit4classrunner,src/main/java/org/junit/internal/runners/JUnit4ClassRunner.java,testclass,src/main/java/org/junit/internal/runners/TestClass.java,0
25728,invoketestmethod,testclass,src/main/java/org/junit/internal/runners/TestClass.java,junit4classrunner,src/main/java/org/junit/internal/runners/JUnit4ClassRunner.java,1
25729,invoketestmethod,junit4classrunner,src/main/java/org/junit/internal/runners/JUnit4ClassRunner.java,runnotifier,src/main/java/org/junit/runner/notification/RunNotifier.java,0
25730,invoketestmethod,runnotifier,src/main/java/org/junit/runner/notification/RunNotifier.java,junit4classrunner,src/main/java/org/junit/internal/runners/JUnit4ClassRunner.java,1
25731,methoddescription,junit4classrunner,src/main/java/org/junit/internal/runners/JUnit4ClassRunner.java,testclass,src/main/java/org/junit/internal/runners/TestClass.java,0
25732,methoddescription,testclass,src/main/java/org/junit/internal/runners/TestClass.java,junit4classrunner,src/main/java/org/junit/internal/runners/JUnit4ClassRunner.java,1
25733,testannotations,junit4classrunner,src/main/java/org/junit/internal/runners/JUnit4ClassRunner.java,testclass,src/main/java/org/junit/internal/runners/TestClass.java,0
25734,testannotations,testclass,src/main/java/org/junit/internal/runners/TestClass.java,junit4classrunner,src/main/java/org/junit/internal/runners/JUnit4ClassRunner.java,1
25735,filter,junit4classrunner,src/main/java/org/junit/internal/runners/JUnit4ClassRunner.java,testclass,src/main/java/org/junit/internal/runners/TestClass.java,0
25736,filter,testclass,src/main/java/org/junit/internal/runners/TestClass.java,junit4classrunner,src/main/java/org/junit/internal/runners/JUnit4ClassRunner.java,1
25737,filter,junit4classrunner,src/main/java/org/junit/internal/runners/JUnit4ClassRunner.java,filter,src/main/java/org/junit/runner/manipulation/Filter.java,0
25738,filter,filter,src/main/java/org/junit/runner/manipulation/Filter.java,junit4classrunner,src/main/java/org/junit/internal/runners/JUnit4ClassRunner.java,1
25739,sort,junit4classrunner,src/main/java/org/junit/internal/runners/JUnit4ClassRunner.java,testclass,src/main/java/org/junit/internal/runners/TestClass.java,0
25740,sort,testclass,src/main/java/org/junit/internal/runners/TestClass.java,junit4classrunner,src/main/java/org/junit/internal/runners/JUnit4ClassRunner.java,1
25741,sort,junit4classrunner,src/main/java/org/junit/internal/runners/JUnit4ClassRunner.java,sorter,src/main/java/org/junit/runner/manipulation/Sorter.java,0
25742,sort,sorter,src/main/java/org/junit/runner/manipulation/Sorter.java,junit4classrunner,src/main/java/org/junit/internal/runners/JUnit4ClassRunner.java,1
25743,validateinstancemethods,methodvalidator,src/main/java/org/junit/internal/runners/MethodValidator.java,testclass,src/main/java/org/junit/internal/runners/TestClass.java,0
25744,validateinstancemethods,testclass,src/main/java/org/junit/internal/runners/TestClass.java,methodvalidator,src/main/java/org/junit/internal/runners/MethodValidator.java,1
25745,validatestaticmethods,methodvalidator,src/main/java/org/junit/internal/runners/MethodValidator.java,testclass,src/main/java/org/junit/internal/runners/TestClass.java,0
25746,validatestaticmethods,testclass,src/main/java/org/junit/internal/runners/TestClass.java,methodvalidator,src/main/java/org/junit/internal/runners/MethodValidator.java,1
25747,validatemethodsfordefaultrunner,methodvalidator,src/main/java/org/junit/internal/runners/MethodValidator.java,testclass,src/main/java/org/junit/internal/runners/TestClass.java,0
25748,validatemethodsfordefaultrunner,testclass,src/main/java/org/junit/internal/runners/TestClass.java,methodvalidator,src/main/java/org/junit/internal/runners/MethodValidator.java,1
25749,assertvalid,methodvalidator,src/main/java/org/junit/internal/runners/MethodValidator.java,testclass,src/main/java/org/junit/internal/runners/TestClass.java,0
25750,assertvalid,testclass,src/main/java/org/junit/internal/runners/TestClass.java,methodvalidator,src/main/java/org/junit/internal/runners/MethodValidator.java,1
25751,validatenoargconstructor,methodvalidator,src/main/java/org/junit/internal/runners/MethodValidator.java,testclass,src/main/java/org/junit/internal/runners/TestClass.java,0
25752,validatenoargconstructor,testclass,src/main/java/org/junit/internal/runners/TestClass.java,methodvalidator,src/main/java/org/junit/internal/runners/MethodValidator.java,1
25753,validatetestmethods,methodvalidator,src/main/java/org/junit/internal/runners/MethodValidator.java,testclass,src/main/java/org/junit/internal/runners/TestClass.java,0
25754,validatetestmethods,testclass,src/main/java/org/junit/internal/runners/TestClass.java,methodvalidator,src/main/java/org/junit/internal/runners/MethodValidator.java,1
25755,run,junit38classrunner,src/main/java/org/junit/internal/runners/JUnit38ClassRunner.java,runnotifier,src/main/java/org/junit/runner/notification/RunNotifier.java,0
25756,run,runnotifier,src/main/java/org/junit/runner/notification/RunNotifier.java,junit38classrunner,src/main/java/org/junit/internal/runners/JUnit38ClassRunner.java,1
25757,isignored,testmethod,src/main/java/org/junit/internal/runners/TestMethod.java,testclass,src/main/java/org/junit/internal/runners/TestClass.java,0
25758,isignored,testclass,src/main/java/org/junit/internal/runners/TestClass.java,testmethod,src/main/java/org/junit/internal/runners/TestMethod.java,1
25759,gettimeout,testmethod,src/main/java/org/junit/internal/runners/TestMethod.java,testclass,src/main/java/org/junit/internal/runners/TestClass.java,0
25760,gettimeout,testclass,src/main/java/org/junit/internal/runners/TestClass.java,testmethod,src/main/java/org/junit/internal/runners/TestMethod.java,1
25761,getexpectedexception,testmethod,src/main/java/org/junit/internal/runners/TestMethod.java,testclass,src/main/java/org/junit/internal/runners/TestClass.java,0
25762,getexpectedexception,testclass,src/main/java/org/junit/internal/runners/TestClass.java,testmethod,src/main/java/org/junit/internal/runners/TestMethod.java,1
25763,isunexpected,testmethod,src/main/java/org/junit/internal/runners/TestMethod.java,testclass,src/main/java/org/junit/internal/runners/TestClass.java,0
25764,isunexpected,testclass,src/main/java/org/junit/internal/runners/TestClass.java,testmethod,src/main/java/org/junit/internal/runners/TestMethod.java,1
25765,expectsexception,testmethod,src/main/java/org/junit/internal/runners/TestMethod.java,testclass,src/main/java/org/junit/internal/runners/TestClass.java,0
25766,expectsexception,testclass,src/main/java/org/junit/internal/runners/TestClass.java,testmethod,src/main/java/org/junit/internal/runners/TestMethod.java,1
25767,invoke,testmethod,src/main/java/org/junit/internal/runners/TestMethod.java,testclass,src/main/java/org/junit/internal/runners/TestClass.java,0
25768,invoke,testclass,src/main/java/org/junit/internal/runners/TestClass.java,testmethod,src/main/java/org/junit/internal/runners/TestMethod.java,1
25769,addfailure,eachtestnotifier,src/main/java/org/junit/internal/runners/model/EachTestNotifier.java,description,src/main/java/org/junit/runner/Description.java,0
25770,addfailure,description,src/main/java/org/junit/runner/Description.java,eachtestnotifier,src/main/java/org/junit/internal/runners/model/EachTestNotifier.java,1
25771,addfailure,eachtestnotifier,src/main/java/org/junit/internal/runners/model/EachTestNotifier.java,runnotifier,src/main/java/org/junit/runner/notification/RunNotifier.java,0
25772,addfailure,runnotifier,src/main/java/org/junit/runner/notification/RunNotifier.java,eachtestnotifier,src/main/java/org/junit/internal/runners/model/EachTestNotifier.java,1
25773,addmultiplefailureexception,eachtestnotifier,src/main/java/org/junit/internal/runners/model/EachTestNotifier.java,description,src/main/java/org/junit/runner/Description.java,0
25774,addmultiplefailureexception,description,src/main/java/org/junit/runner/Description.java,eachtestnotifier,src/main/java/org/junit/internal/runners/model/EachTestNotifier.java,1
25775,addmultiplefailureexception,eachtestnotifier,src/main/java/org/junit/internal/runners/model/EachTestNotifier.java,runnotifier,src/main/java/org/junit/runner/notification/RunNotifier.java,0
25776,addmultiplefailureexception,runnotifier,src/main/java/org/junit/runner/notification/RunNotifier.java,eachtestnotifier,src/main/java/org/junit/internal/runners/model/EachTestNotifier.java,1
25777,addmultiplefailureexception,eachtestnotifier,src/main/java/org/junit/internal/runners/model/EachTestNotifier.java,multiplefailureexception,src/main/java/org/junit/internal/runners/model/MultipleFailureException.java,0
25778,addmultiplefailureexception,multiplefailureexception,src/main/java/org/junit/internal/runners/model/MultipleFailureException.java,eachtestnotifier,src/main/java/org/junit/internal/runners/model/EachTestNotifier.java,1
25779,fireteststarted,eachtestnotifier,src/main/java/org/junit/internal/runners/model/EachTestNotifier.java,description,src/main/java/org/junit/runner/Description.java,0
25780,fireteststarted,description,src/main/java/org/junit/runner/Description.java,eachtestnotifier,src/main/java/org/junit/internal/runners/model/EachTestNotifier.java,1
25781,evaluate,failontimeout,src/main/java/org/junit/internal/runners/statements/FailOnTimeout.java,statement,src/main/java/org/junit/runners/model/Statement.java,0
25782,evaluate,statement,src/main/java/org/junit/runners/model/Statement.java,failontimeout,src/main/java/org/junit/internal/runners/statements/FailOnTimeout.java,1
25783,evaluatestatement,failontimeout,src/main/java/org/junit/internal/runners/statements/FailOnTimeout.java,statement,src/main/java/org/junit/runners/model/Statement.java,0
25784,evaluatestatement,statement,src/main/java/org/junit/runners/model/Statement.java,failontimeout,src/main/java/org/junit/internal/runners/statements/FailOnTimeout.java,1
25785,throwexceptionforunfinishedthread,failontimeout,src/main/java/org/junit/internal/runners/statements/FailOnTimeout.java,statement,src/main/java/org/junit/runners/model/Statement.java,0
25786,throwexceptionforunfinishedthread,statement,src/main/java/org/junit/runners/model/Statement.java,failontimeout,src/main/java/org/junit/internal/runners/statements/FailOnTimeout.java,1
25787,throwtimeoutexception,failontimeout,src/main/java/org/junit/internal/runners/statements/FailOnTimeout.java,statement,src/main/java/org/junit/runners/model/Statement.java,0
25788,throwtimeoutexception,statement,src/main/java/org/junit/runners/model/Statement.java,failontimeout,src/main/java/org/junit/internal/runners/statements/FailOnTimeout.java,1
25789,evaluate,expectexception,src/main/java/org/junit/internal/runners/statements/ExpectException.java,statement,src/main/java/org/junit/runners/model/Statement.java,0
25790,evaluate,statement,src/main/java/org/junit/runners/model/Statement.java,expectexception,src/main/java/org/junit/internal/runners/statements/ExpectException.java,1
25791,evaluate,runafters,src/main/java/org/junit/internal/runners/statements/RunAfters.java,statement,src/main/java/org/junit/runners/model/Statement.java,0
25792,evaluate,statement,src/main/java/org/junit/runners/model/Statement.java,runafters,src/main/java/org/junit/internal/runners/statements/RunAfters.java,1
25793,evaluate,invokemethod,src/main/java/org/junit/internal/runners/statements/InvokeMethod.java,frameworkmethod,src/main/java/org/junit/runners/model/FrameworkMethod.java,0
25794,evaluate,frameworkmethod,src/main/java/org/junit/runners/model/FrameworkMethod.java,invokemethod,src/main/java/org/junit/internal/runners/statements/InvokeMethod.java,1
25795,evaluate,runbefores,src/main/java/org/junit/internal/runners/statements/RunBefores.java,statement,src/main/java/org/junit/runners/model/Statement.java,0
25796,evaluate,statement,src/main/java/org/junit/runners/model/Statement.java,runbefores,src/main/java/org/junit/internal/runners/statements/RunBefores.java,1
25797,apply,timeout,src/main/java/org/junit/rules/Timeout.java,description,src/main/java/org/junit/runner/Description.java,0
25798,apply,description,src/main/java/org/junit/runner/Description.java,timeout,src/main/java/org/junit/rules/Timeout.java,1
25799,apply,timeout,src/main/java/org/junit/rules/Timeout.java,statement,src/main/java/org/junit/runners/model/Statement.java,0
25800,apply,statement,src/main/java/org/junit/runners/model/Statement.java,timeout,src/main/java/org/junit/rules/Timeout.java,1
25801,starting,testname,src/main/java/org/junit/rules/TestName.java,description,src/main/java/org/junit/runner/Description.java,0
25802,starting,description,src/main/java/org/junit/runner/Description.java,testname,src/main/java/org/junit/rules/TestName.java,1
25803,apply,testwatcher,src/main/java/org/junit/rules/TestWatcher.java,description,src/main/java/org/junit/runner/Description.java,0
25804,apply,description,src/main/java/org/junit/runner/Description.java,testwatcher,src/main/java/org/junit/rules/TestWatcher.java,1
25805,apply,testwatcher,src/main/java/org/junit/rules/TestWatcher.java,statement,src/main/java/org/junit/runners/model/Statement.java,0
25806,apply,statement,src/main/java/org/junit/runners/model/Statement.java,testwatcher,src/main/java/org/junit/rules/TestWatcher.java,1
25807,apply,testwatchman,src/main/java/org/junit/rules/TestWatchman.java,statement,src/main/java/org/junit/runners/model/Statement.java,0
25808,apply,statement,src/main/java/org/junit/runners/model/Statement.java,testwatchman,src/main/java/org/junit/rules/TestWatchman.java,1
25809,apply,testwatchman,src/main/java/org/junit/rules/TestWatchman.java,frameworkmethod,src/main/java/org/junit/runners/model/FrameworkMethod.java,0
25810,apply,frameworkmethod,src/main/java/org/junit/runners/model/FrameworkMethod.java,testwatchman,src/main/java/org/junit/rules/TestWatchman.java,1
25811,finished,testwatchman,src/main/java/org/junit/rules/TestWatchman.java,frameworkmethod,src/main/java/org/junit/runners/model/FrameworkMethod.java,0
25812,finished,frameworkmethod,src/main/java/org/junit/runners/model/FrameworkMethod.java,testwatchman,src/main/java/org/junit/rules/TestWatchman.java,1
25813,apply,expectedexception,src/main/java/org/junit/rules/ExpectedException.java,description,src/main/java/org/junit/runner/Description.java,0
25814,apply,description,src/main/java/org/junit/runner/Description.java,expectedexception,src/main/java/org/junit/rules/ExpectedException.java,1
25815,apply,externalresource,src/main/java/org/junit/rules/ExternalResource.java,statement,src/main/java/org/junit/runners/model/Statement.java,0
25816,apply,statement,src/main/java/org/junit/runners/model/Statement.java,externalresource,src/main/java/org/junit/rules/ExternalResource.java,1
25817,statement,externalresource,src/main/java/org/junit/rules/ExternalResource.java,statement,src/main/java/org/junit/runners/model/Statement.java,0
25818,statement,statement,src/main/java/org/junit/runners/model/Statement.java,externalresource,src/main/java/org/junit/rules/ExternalResource.java,1
25819,apply,verifier,src/main/java/org/junit/rules/Verifier.java,description,src/main/java/org/junit/runner/Description.java,0
25820,apply,description,src/main/java/org/junit/runner/Description.java,verifier,src/main/java/org/junit/rules/Verifier.java,1
25821,apply,verifier,src/main/java/org/junit/rules/Verifier.java,statement,src/main/java/org/junit/runners/model/Statement.java,0
25822,apply,statement,src/main/java/org/junit/runners/model/Statement.java,verifier,src/main/java/org/junit/rules/Verifier.java,1
25823,classes,request,src/main/java/org/junit/runner/Request.java,computer,src/main/java/org/junit/runner/Computer.java,0
25824,classes,computer,src/main/java/org/junit/runner/Computer.java,request,src/main/java/org/junit/runner/Request.java,1
25825,getversion,junitcore,src/main/java/org/junit/runner/JUnitCore.java,runnotifier,src/main/java/org/junit/runner/notification/RunNotifier.java,0
25826,getversion,runnotifier,src/main/java/org/junit/runner/notification/RunNotifier.java,junitcore,src/main/java/org/junit/runner/JUnitCore.java,1
25827,removelistener,junitcore,src/main/java/org/junit/runner/JUnitCore.java,runlistener,src/main/java/org/junit/runner/notification/RunListener.java,0
25828,removelistener,runlistener,src/main/java/org/junit/runner/notification/RunListener.java,junitcore,src/main/java/org/junit/runner/JUnitCore.java,1
25829,compare,sorter,src/main/java/org/junit/runner/manipulation/Sorter.java,description,src/main/java/org/junit/runner/Description.java,0
25830,compare,description,src/main/java/org/junit/runner/Description.java,sorter,src/main/java/org/junit/runner/manipulation/Sorter.java,1
25831,tostring,failure,src/main/java/org/junit/runner/notification/Failure.java,description,src/main/java/org/junit/runner/Description.java,0
25832,tostring,description,src/main/java/org/junit/runner/Description.java,failure,src/main/java/org/junit/runner/notification/Failure.java,1
25833,gettrace,failure,src/main/java/org/junit/runner/notification/Failure.java,description,src/main/java/org/junit/runner/Description.java,0
25834,gettrace,description,src/main/java/org/junit/runner/Description.java,failure,src/main/java/org/junit/runner/notification/Failure.java,1
25835,getmessage,failure,src/main/java/org/junit/runner/notification/Failure.java,description,src/main/java/org/junit/runner/Description.java,0
25836,getmessage,description,src/main/java/org/junit/runner/Description.java,failure,src/main/java/org/junit/runner/notification/Failure.java,1
25837,fireteststarted,runnotifier,src/main/java/org/junit/runner/notification/RunNotifier.java,description,src/main/java/org/junit/runner/Description.java,0
25838,fireteststarted,description,src/main/java/org/junit/runner/Description.java,runnotifier,src/main/java/org/junit/runner/notification/RunNotifier.java,1
25839,runchild,blockjunit4classrunner,src/main/java/org/junit/runners/BlockJUnit4ClassRunner.java,runnotifier,src/main/java/org/junit/runner/notification/RunNotifier.java,0
25840,runchild,runnotifier,src/main/java/org/junit/runner/notification/RunNotifier.java,blockjunit4classrunner,src/main/java/org/junit/runners/BlockJUnit4ClassRunner.java,1
25841,runchild,blockjunit4classrunner,src/main/java/org/junit/runners/BlockJUnit4ClassRunner.java,frameworkmethod,src/main/java/org/junit/runners/model/FrameworkMethod.java,0
25842,runchild,frameworkmethod,src/main/java/org/junit/runners/model/FrameworkMethod.java,blockjunit4classrunner,src/main/java/org/junit/runners/BlockJUnit4ClassRunner.java,1
25843,methodblock,blockjunit4classrunner,src/main/java/org/junit/runners/BlockJUnit4ClassRunner.java,frameworkmethod,src/main/java/org/junit/runners/model/FrameworkMethod.java,0
25844,methodblock,frameworkmethod,src/main/java/org/junit/runners/model/FrameworkMethod.java,blockjunit4classrunner,src/main/java/org/junit/runners/BlockJUnit4ClassRunner.java,1
25845,possiblyexpectingexceptions,blockjunit4classrunner,src/main/java/org/junit/runners/BlockJUnit4ClassRunner.java,statement,src/main/java/org/junit/runners/model/Statement.java,0
25846,possiblyexpectingexceptions,statement,src/main/java/org/junit/runners/model/Statement.java,blockjunit4classrunner,src/main/java/org/junit/runners/BlockJUnit4ClassRunner.java,1
25847,possiblyexpectingexceptions,blockjunit4classrunner,src/main/java/org/junit/runners/BlockJUnit4ClassRunner.java,frameworkmethod,src/main/java/org/junit/runners/model/FrameworkMethod.java,0
25848,possiblyexpectingexceptions,frameworkmethod,src/main/java/org/junit/runners/model/FrameworkMethod.java,blockjunit4classrunner,src/main/java/org/junit/runners/BlockJUnit4ClassRunner.java,1
25849,withpotentialtimeout,blockjunit4classrunner,src/main/java/org/junit/runners/BlockJUnit4ClassRunner.java,statement,src/main/java/org/junit/runners/model/Statement.java,0
25850,withpotentialtimeout,statement,src/main/java/org/junit/runners/model/Statement.java,blockjunit4classrunner,src/main/java/org/junit/runners/BlockJUnit4ClassRunner.java,1
25851,withpotentialtimeout,blockjunit4classrunner,src/main/java/org/junit/runners/BlockJUnit4ClassRunner.java,frameworkmethod,src/main/java/org/junit/runners/model/FrameworkMethod.java,0
25852,withpotentialtimeout,frameworkmethod,src/main/java/org/junit/runners/model/FrameworkMethod.java,blockjunit4classrunner,src/main/java/org/junit/runners/BlockJUnit4ClassRunner.java,1
25853,withafters,blockjunit4classrunner,src/main/java/org/junit/runners/BlockJUnit4ClassRunner.java,statement,src/main/java/org/junit/runners/model/Statement.java,0
25854,withafters,statement,src/main/java/org/junit/runners/model/Statement.java,blockjunit4classrunner,src/main/java/org/junit/runners/BlockJUnit4ClassRunner.java,1
25855,withrules,blockjunit4classrunner,src/main/java/org/junit/runners/BlockJUnit4ClassRunner.java,statement,src/main/java/org/junit/runners/model/Statement.java,0
25856,withrules,statement,src/main/java/org/junit/runners/model/Statement.java,blockjunit4classrunner,src/main/java/org/junit/runners/BlockJUnit4ClassRunner.java,1
25857,withrules,blockjunit4classrunner,src/main/java/org/junit/runners/BlockJUnit4ClassRunner.java,frameworkmethod,src/main/java/org/junit/runners/model/FrameworkMethod.java,0
25858,withrules,frameworkmethod,src/main/java/org/junit/runners/model/FrameworkMethod.java,blockjunit4classrunner,src/main/java/org/junit/runners/BlockJUnit4ClassRunner.java,1
25859,withmethodrules,blockjunit4classrunner,src/main/java/org/junit/runners/BlockJUnit4ClassRunner.java,statement,src/main/java/org/junit/runners/model/Statement.java,0
25860,withmethodrules,statement,src/main/java/org/junit/runners/model/Statement.java,blockjunit4classrunner,src/main/java/org/junit/runners/BlockJUnit4ClassRunner.java,1
25861,withmethodrules,blockjunit4classrunner,src/main/java/org/junit/runners/BlockJUnit4ClassRunner.java,frameworkmethod,src/main/java/org/junit/runners/model/FrameworkMethod.java,0
25862,withmethodrules,frameworkmethod,src/main/java/org/junit/runners/model/FrameworkMethod.java,blockjunit4classrunner,src/main/java/org/junit/runners/BlockJUnit4ClassRunner.java,1
25863,withtestrules,blockjunit4classrunner,src/main/java/org/junit/runners/BlockJUnit4ClassRunner.java,statement,src/main/java/org/junit/runners/model/Statement.java,0
25864,withtestrules,statement,src/main/java/org/junit/runners/model/Statement.java,blockjunit4classrunner,src/main/java/org/junit/runners/BlockJUnit4ClassRunner.java,1
25865,withtestrules,blockjunit4classrunner,src/main/java/org/junit/runners/BlockJUnit4ClassRunner.java,frameworkmethod,src/main/java/org/junit/runners/model/FrameworkMethod.java,0
25866,withtestrules,frameworkmethod,src/main/java/org/junit/runners/model/FrameworkMethod.java,blockjunit4classrunner,src/main/java/org/junit/runners/BlockJUnit4ClassRunner.java,1
25867,getparameterslist,parameterized,src/main/java/org/junit/runners/Parameterized.java,testclass,src/main/java/org/junit/internal/runners/TestClass.java,0
25868,getparameterslist,testclass,src/main/java/org/junit/internal/runners/TestClass.java,parameterized,src/main/java/org/junit/runners/Parameterized.java,1
25869,describechild,parentrunner,src/main/java/org/junit/runners/ParentRunner.java,testclass,src/main/java/org/junit/internal/runners/TestClass.java,0
25870,describechild,testclass,src/main/java/org/junit/internal/runners/TestClass.java,parentrunner,src/main/java/org/junit/runners/ParentRunner.java,1
25871,withclassrules,parentrunner,src/main/java/org/junit/runners/ParentRunner.java,statement,src/main/java/org/junit/runners/model/Statement.java,0
25872,withclassrules,statement,src/main/java/org/junit/runners/model/Statement.java,parentrunner,src/main/java/org/junit/runners/ParentRunner.java,1
25873,runleaf,parentrunner,src/main/java/org/junit/runners/ParentRunner.java,sorter,src/main/java/org/junit/runner/manipulation/Sorter.java,0
25874,runleaf,sorter,src/main/java/org/junit/runner/manipulation/Sorter.java,parentrunner,src/main/java/org/junit/runners/ParentRunner.java,1
25875,filter,parentrunner,src/main/java/org/junit/runners/ParentRunner.java,sorter,src/main/java/org/junit/runner/manipulation/Sorter.java,0
25876,filter,sorter,src/main/java/org/junit/runner/manipulation/Sorter.java,parentrunner,src/main/java/org/junit/runners/ParentRunner.java,1
25877,sortchild,parentrunner,src/main/java/org/junit/runners/ParentRunner.java,sorter,src/main/java/org/junit/runner/manipulation/Sorter.java,0
25878,sortchild,sorter,src/main/java/org/junit/runner/manipulation/Sorter.java,parentrunner,src/main/java/org/junit/runners/ParentRunner.java,1
25879,shouldrun,parentrunner,src/main/java/org/junit/runners/ParentRunner.java,sorter,src/main/java/org/junit/runner/manipulation/Sorter.java,0
25880,shouldrun,sorter,src/main/java/org/junit/runner/manipulation/Sorter.java,parentrunner,src/main/java/org/junit/runners/ParentRunner.java,1
25881,shouldrun,parentrunner,src/main/java/org/junit/runners/ParentRunner.java,filter,src/main/java/org/junit/runner/manipulation/Filter.java,0
25882,shouldrun,filter,src/main/java/org/junit/runner/manipulation/Filter.java,parentrunner,src/main/java/org/junit/runners/ParentRunner.java,1
41571,setfilter,filter,src/main/java/org/junit/runner/manipulation/Filter.java,filter,src/main/java/org/junit/runner/manipulation/Filter.java,0
41572,setfilter,filter,src/main/java/org/junit/runner/manipulation/Filter.java,filter,src/main/java/org/junit/runner/manipulation/Filter.java,1
41579,setwrappedalgorithm,filter,src/main/java/org/junit/runner/manipulation/Filter.java,filter,src/main/java/org/junit/runner/manipulation/Filter.java,0
41580,setwrappedalgorithm,filter,src/main/java/org/junit/runner/manipulation/Filter.java,filter,src/main/java/org/junit/runner/manipulation/Filter.java,1
41587,acceptinstance,filter,src/main/java/org/junit/runner/manipulation/Filter.java,filter,src/main/java/org/junit/runner/manipulation/Filter.java,0
41588,acceptinstance,filter,src/main/java/org/junit/runner/manipulation/Filter.java,filter,src/main/java/org/junit/runner/manipulation/Filter.java,1
41595,processtrainingordatasource,filter,src/main/java/org/junit/runner/manipulation/Filter.java,filter,src/main/java/org/junit/runner/manipulation/Filter.java,0
41596,processtrainingordatasource,filter,src/main/java/org/junit/runner/manipulation/Filter.java,filter,src/main/java/org/junit/runner/manipulation/Filter.java,1
41603,accepttestset,filter,src/main/java/org/junit/runner/manipulation/Filter.java,filter,src/main/java/org/junit/runner/manipulation/Filter.java,0
41604,accepttestset,filter,src/main/java/org/junit/runner/manipulation/Filter.java,filter,src/main/java/org/junit/runner/manipulation/Filter.java,1
41617,removetrainingsetlistener,filter,src/main/java/org/junit/runner/manipulation/Filter.java,filter,src/main/java/org/junit/runner/manipulation/Filter.java,0
41618,removetrainingsetlistener,filter,src/main/java/org/junit/runner/manipulation/Filter.java,filter,src/main/java/org/junit/runner/manipulation/Filter.java,1
41619,addtestsetlistener,filter,src/main/java/org/junit/runner/manipulation/Filter.java,filter,src/main/java/org/junit/runner/manipulation/Filter.java,0
41620,addtestsetlistener,filter,src/main/java/org/junit/runner/manipulation/Filter.java,filter,src/main/java/org/junit/runner/manipulation/Filter.java,1
41623,notifytestlisteners,filter,src/main/java/org/junit/runner/manipulation/Filter.java,filter,src/main/java/org/junit/runner/manipulation/Filter.java,0
41624,notifytestlisteners,filter,src/main/java/org/junit/runner/manipulation/Filter.java,filter,src/main/java/org/junit/runner/manipulation/Filter.java,1
41625,notifyinstancelisteners,filter,src/main/java/org/junit/runner/manipulation/Filter.java,filter,src/main/java/org/junit/runner/manipulation/Filter.java,0
41626,notifyinstancelisteners,filter,src/main/java/org/junit/runner/manipulation/Filter.java,filter,src/main/java/org/junit/runner/manipulation/Filter.java,1
41629,connectionallowed,filter,src/main/java/org/junit/runner/manipulation/Filter.java,filter,src/main/java/org/junit/runner/manipulation/Filter.java,0
41630,connectionallowed,filter,src/main/java/org/junit/runner/manipulation/Filter.java,filter,src/main/java/org/junit/runner/manipulation/Filter.java,1
41637,connectionnotification,filter,src/main/java/org/junit/runner/manipulation/Filter.java,filter,src/main/java/org/junit/runner/manipulation/Filter.java,0
41638,connectionnotification,filter,src/main/java/org/junit/runner/manipulation/Filter.java,filter,src/main/java/org/junit/runner/manipulation/Filter.java,1
41645,disconnectionnotification,filter,src/main/java/org/junit/runner/manipulation/Filter.java,filter,src/main/java/org/junit/runner/manipulation/Filter.java,0
41646,disconnectionnotification,filter,src/main/java/org/junit/runner/manipulation/Filter.java,filter,src/main/java/org/junit/runner/manipulation/Filter.java,1
41653,block,filter,src/main/java/org/junit/runner/manipulation/Filter.java,filter,src/main/java/org/junit/runner/manipulation/Filter.java,0
41654,block,filter,src/main/java/org/junit/runner/manipulation/Filter.java,filter,src/main/java/org/junit/runner/manipulation/Filter.java,1
41661,stop,filter,src/main/java/org/junit/runner/manipulation/Filter.java,filter,src/main/java/org/junit/runner/manipulation/Filter.java,0
41662,stop,filter,src/main/java/org/junit/runner/manipulation/Filter.java,filter,src/main/java/org/junit/runner/manipulation/Filter.java,1
41669,isbusy,filter,src/main/java/org/junit/runner/manipulation/Filter.java,filter,src/main/java/org/junit/runner/manipulation/Filter.java,0
41670,isbusy,filter,src/main/java/org/junit/runner/manipulation/Filter.java,filter,src/main/java/org/junit/runner/manipulation/Filter.java,1
41679,enumeraterequests,filter,src/main/java/org/junit/runner/manipulation/Filter.java,filter,src/main/java/org/junit/runner/manipulation/Filter.java,0
41680,enumeraterequests,filter,src/main/java/org/junit/runner/manipulation/Filter.java,filter,src/main/java/org/junit/runner/manipulation/Filter.java,1
41687,performrequest,filter,src/main/java/org/junit/runner/manipulation/Filter.java,filter,src/main/java/org/junit/runner/manipulation/Filter.java,0
41688,performrequest,filter,src/main/java/org/junit/runner/manipulation/Filter.java,filter,src/main/java/org/junit/runner/manipulation/Filter.java,1
41695,eventgeneratable,filter,src/main/java/org/junit/runner/manipulation/Filter.java,filter,src/main/java/org/junit/runner/manipulation/Filter.java,0
41696,eventgeneratable,filter,src/main/java/org/junit/runner/manipulation/Filter.java,filter,src/main/java/org/junit/runner/manipulation/Filter.java,1
47703,getincomingconnectiontypes,filter,src/main/java/org/junit/runner/manipulation/Filter.java,filter,src/main/java/org/junit/runner/manipulation/Filter.java,0
47704,getincomingconnectiontypes,filter,src/main/java/org/junit/runner/manipulation/Filter.java,filter,src/main/java/org/junit/runner/manipulation/Filter.java,1
47707,stepinit,filter,src/main/java/org/junit/runner/manipulation/Filter.java,filter,src/main/java/org/junit/runner/manipulation/Filter.java,0
47708,stepinit,filter,src/main/java/org/junit/runner/manipulation/Filter.java,filter,src/main/java/org/junit/runner/manipulation/Filter.java,1
47711,processincoming,filter,src/main/java/org/junit/runner/manipulation/Filter.java,filter,src/main/java/org/junit/runner/manipulation/Filter.java,0
47712,processincoming,filter,src/main/java/org/junit/runner/manipulation/Filter.java,filter,src/main/java/org/junit/runner/manipulation/Filter.java,1
47717,processfirstbatch,filter,src/main/java/org/junit/runner/manipulation/Filter.java,filter,src/main/java/org/junit/runner/manipulation/Filter.java,0
47718,processfirstbatch,filter,src/main/java/org/junit/runner/manipulation/Filter.java,filter,src/main/java/org/junit/runner/manipulation/Filter.java,1
47723,processsubsequentbatch,filter,src/main/java/org/junit/runner/manipulation/Filter.java,filter,src/main/java/org/junit/runner/manipulation/Filter.java,0
47724,processsubsequentbatch,filter,src/main/java/org/junit/runner/manipulation/Filter.java,filter,src/main/java/org/junit/runner/manipulation/Filter.java,1
47727,processstreaming,filter,src/main/java/org/junit/runner/manipulation/Filter.java,filter,src/main/java/org/junit/runner/manipulation/Filter.java,0
47728,processstreaming,filter,src/main/java/org/junit/runner/manipulation/Filter.java,filter,src/main/java/org/junit/runner/manipulation/Filter.java,1
47731,checkpendingstreaming,filter,src/main/java/org/junit/runner/manipulation/Filter.java,filter,src/main/java/org/junit/runner/manipulation/Filter.java,0
47732,checkpendingstreaming,filter,src/main/java/org/junit/runner/manipulation/Filter.java,filter,src/main/java/org/junit/runner/manipulation/Filter.java,1
