id,method-name,contain-class-name,contain-class-path,target-class-name,target-class-path,tag
29099,run,testsetup,src/main/java/junit/extensions/TestSetup.java,testresult,src/main/java/junit/framework/TestResult.java,0
29100,run,testresult,src/main/java/junit/framework/TestResult.java,testsetup,src/main/java/junit/extensions/TestSetup.java,1
29101,run,repeatedtest,src/main/java/junit/extensions/RepeatedTest.java,testresult,src/main/java/junit/framework/TestResult.java,0
29102,run,testresult,src/main/java/junit/framework/TestResult.java,repeatedtest,src/main/java/junit/extensions/RepeatedTest.java,1
29103,run,activetestsuite,src/main/java/junit/extensions/ActiveTestSuite.java,testresult,src/main/java/junit/framework/TestResult.java,0
29104,run,testresult,src/main/java/junit/framework/TestResult.java,activetestsuite,src/main/java/junit/extensions/ActiveTestSuite.java,1
29105,runtest,activetestsuite,src/main/java/junit/extensions/ActiveTestSuite.java,testresult,src/main/java/junit/framework/TestResult.java,0
29106,runtest,testresult,src/main/java/junit/framework/TestResult.java,activetestsuite,src/main/java/junit/extensions/ActiveTestSuite.java,1
29107,addfailure,testresult,src/main/java/junit/framework/TestResult.java,assertionfailederror,src/main/java/junit/framework/AssertionFailedError.java,0
29108,addfailure,assertionfailederror,src/main/java/junit/framework/AssertionFailedError.java,testresult,src/main/java/junit/framework/TestResult.java,1
29109,run,testresult,src/main/java/junit/framework/TestResult.java,testcase,src/main/java/junit/framework/TestCase.java,0
29110,run,testcase,src/main/java/junit/framework/TestCase.java,testresult,src/main/java/junit/framework/TestResult.java,1
29111,getdescription,junit4testadapter,src/main/java/junit/framework/JUnit4TestAdapter.java,junit4testadapter,src/main/java/junit/framework/JUnit4TestAdapter.java,0
29112,getdescription,junit4testadapter,src/main/java/junit/framework/JUnit4TestAdapter.java,junit4testadapter,src/main/java/junit/framework/JUnit4TestAdapter.java,1
29113,getdescription,junit4testadapter,src/main/java/junit/framework/JUnit4TestAdapter.java,runner,src/main/java/org/junit/runner/Runner.java,0
29114,getdescription,runner,src/main/java/org/junit/runner/Runner.java,junit4testadapter,src/main/java/junit/framework/JUnit4TestAdapter.java,1
29115,removeignored,junit4testadapter,src/main/java/junit/framework/JUnit4TestAdapter.java,junit4testadapter,src/main/java/junit/framework/JUnit4TestAdapter.java,0
29116,removeignored,junit4testadapter,src/main/java/junit/framework/JUnit4TestAdapter.java,junit4testadapter,src/main/java/junit/framework/JUnit4TestAdapter.java,1
29117,removeignored,junit4testadapter,src/main/java/junit/framework/JUnit4TestAdapter.java,description,src/main/java/org/junit/runner/Description.java,0
29118,removeignored,description,src/main/java/org/junit/runner/Description.java,junit4testadapter,src/main/java/junit/framework/JUnit4TestAdapter.java,1
29119,removeignored,junit4testadapter,src/main/java/junit/framework/JUnit4TestAdapter.java,runner,src/main/java/org/junit/runner/Runner.java,0
29120,removeignored,runner,src/main/java/org/junit/runner/Runner.java,junit4testadapter,src/main/java/junit/framework/JUnit4TestAdapter.java,1
29121,tostring,junit4testadapter,src/main/java/junit/framework/JUnit4TestAdapter.java,junit4testadapter,src/main/java/junit/framework/JUnit4TestAdapter.java,0
29122,tostring,junit4testadapter,src/main/java/junit/framework/JUnit4TestAdapter.java,junit4testadapter,src/main/java/junit/framework/JUnit4TestAdapter.java,1
29123,tostring,junit4testadapter,src/main/java/junit/framework/JUnit4TestAdapter.java,runner,src/main/java/org/junit/runner/Runner.java,0
29124,tostring,runner,src/main/java/org/junit/runner/Runner.java,junit4testadapter,src/main/java/junit/framework/JUnit4TestAdapter.java,1
29125,astest,junit4testadapter,src/main/java/junit/framework/JUnit4TestAdapter.java,description,src/main/java/org/junit/runner/Description.java,0
29126,astest,description,src/main/java/org/junit/runner/Description.java,junit4testadapter,src/main/java/junit/framework/JUnit4TestAdapter.java,1
29127,createtest,junit4testadapter,src/main/java/junit/framework/JUnit4TestAdapter.java,description,src/main/java/org/junit/runner/Description.java,0
29128,createtest,description,src/main/java/org/junit/runner/Description.java,junit4testadapter,src/main/java/junit/framework/JUnit4TestAdapter.java,1
29129,getnotifier,junit4testadapter,src/main/java/junit/framework/JUnit4TestAdapter.java,testresult,src/main/java/junit/framework/TestResult.java,0
29130,getnotifier,testresult,src/main/java/junit/framework/TestResult.java,junit4testadapter,src/main/java/junit/framework/JUnit4TestAdapter.java,1
29131,getnotifier,junit4testadapter,src/main/java/junit/framework/JUnit4TestAdapter.java,junit4testadapter,src/main/java/junit/framework/JUnit4TestAdapter.java,0
29132,getnotifier,junit4testadapter,src/main/java/junit/framework/JUnit4TestAdapter.java,junit4testadapter,src/main/java/junit/framework/JUnit4TestAdapter.java,1
29133,astestlist,junit4testadapter,src/main/java/junit/framework/JUnit4TestAdapter.java,description,src/main/java/org/junit/runner/Description.java,0
29134,astestlist,description,src/main/java/org/junit/runner/Description.java,junit4testadapter,src/main/java/junit/framework/JUnit4TestAdapter.java,1
29135,run,junit4testcasefacade,src/main/java/junit/framework/JUnit4TestCaseFacade.java,description,src/main/java/org/junit/runner/Description.java,0
29136,run,description,src/main/java/org/junit/runner/Description.java,junit4testcasefacade,src/main/java/junit/framework/JUnit4TestCaseFacade.java,1
29137,print,resultprinter,src/main/java/junit/textui/ResultPrinter.java,testresult,src/main/java/junit/framework/TestResult.java,0
29138,print,testresult,src/main/java/junit/framework/TestResult.java,resultprinter,src/main/java/junit/textui/ResultPrinter.java,1
29139,printfailures,resultprinter,src/main/java/junit/textui/ResultPrinter.java,testresult,src/main/java/junit/framework/TestResult.java,0
29140,printfailures,testresult,src/main/java/junit/framework/TestResult.java,resultprinter,src/main/java/junit/textui/ResultPrinter.java,1
29141,printdefect,resultprinter,src/main/java/junit/textui/ResultPrinter.java,testfailure,src/main/java/junit/framework/TestFailure.java,0
29142,printdefect,testfailure,src/main/java/junit/framework/TestFailure.java,resultprinter,src/main/java/junit/textui/ResultPrinter.java,1
29143,printdefectheader,resultprinter,src/main/java/junit/textui/ResultPrinter.java,testfailure,src/main/java/junit/framework/TestFailure.java,0
29144,printdefectheader,testfailure,src/main/java/junit/framework/TestFailure.java,resultprinter,src/main/java/junit/textui/ResultPrinter.java,1
29145,printdefecttrace,resultprinter,src/main/java/junit/textui/ResultPrinter.java,testfailure,src/main/java/junit/framework/TestFailure.java,0
29146,printdefecttrace,testfailure,src/main/java/junit/framework/TestFailure.java,resultprinter,src/main/java/junit/textui/ResultPrinter.java,1
29147,printfooter,resultprinter,src/main/java/junit/textui/ResultPrinter.java,testresult,src/main/java/junit/framework/TestResult.java,0
29148,printfooter,testresult,src/main/java/junit/framework/TestResult.java,resultprinter,src/main/java/junit/textui/ResultPrinter.java,1
29149,addfailure,resultprinter,src/main/java/junit/textui/ResultPrinter.java,assertionfailederror,src/main/java/junit/framework/AssertionFailedError.java,0
29150,addfailure,assertionfailederror,src/main/java/junit/framework/AssertionFailedError.java,resultprinter,src/main/java/junit/textui/ResultPrinter.java,1
29151,run,testrunner,src/main/java/junit/textui/TestRunner.java,resultprinter,src/main/java/junit/textui/ResultPrinter.java,0
29152,run,resultprinter,src/main/java/junit/textui/ResultPrinter.java,testrunner,src/main/java/junit/textui/TestRunner.java,1
29153,runandwait,testrunner,src/main/java/junit/textui/TestRunner.java,resultprinter,src/main/java/junit/textui/ResultPrinter.java,0
29154,runandwait,resultprinter,src/main/java/junit/textui/ResultPrinter.java,testrunner,src/main/java/junit/textui/TestRunner.java,1
29155,dorun,testrunner,src/main/java/junit/textui/TestRunner.java,resultprinter,src/main/java/junit/textui/ResultPrinter.java,0
29156,dorun,resultprinter,src/main/java/junit/textui/ResultPrinter.java,testrunner,src/main/java/junit/textui/TestRunner.java,1
29157,main,testrunner,src/main/java/junit/textui/TestRunner.java,resultprinter,src/main/java/junit/textui/ResultPrinter.java,0
29158,main,resultprinter,src/main/java/junit/textui/ResultPrinter.java,testrunner,src/main/java/junit/textui/TestRunner.java,1
29159,start,testrunner,src/main/java/junit/textui/TestRunner.java,resultprinter,src/main/java/junit/textui/ResultPrinter.java,0
29160,start,resultprinter,src/main/java/junit/textui/ResultPrinter.java,testrunner,src/main/java/junit/textui/TestRunner.java,1
29161,runsinglemethod,testrunner,src/main/java/junit/textui/TestRunner.java,resultprinter,src/main/java/junit/textui/ResultPrinter.java,0
29162,runsinglemethod,resultprinter,src/main/java/junit/textui/ResultPrinter.java,testrunner,src/main/java/junit/textui/TestRunner.java,1
29163,getsuite,parallelcomputer,src/main/java/org/junit/experimental/ParallelComputer.java,runnerbuilder,src/main/java/org/junit/runners/model/RunnerBuilder.java,0
29164,getsuite,runnerbuilder,src/main/java/org/junit/runners/model/RunnerBuilder.java,parallelcomputer,src/main/java/org/junit/experimental/ParallelComputer.java,1
29165,getrunner,parallelcomputer,src/main/java/org/junit/experimental/ParallelComputer.java,runnerbuilder,src/main/java/org/junit/runners/model/RunnerBuilder.java,0
29166,getrunner,runnerbuilder,src/main/java/org/junit/runners/model/RunnerBuilder.java,parallelcomputer,src/main/java/org/junit/experimental/ParallelComputer.java,1
29167,assertnocategorizeddescendentsof,categories,src/main/java/org/junit/experimental/categories/Categories.java,description,src/main/java/org/junit/runner/Description.java,0
29168,assertnocategorizeddescendentsof,description,src/main/java/org/junit/runner/Description.java,categories,src/main/java/org/junit/experimental/categories/Categories.java,1
29169,getfailuretimestamp,maxhistory,src/main/java/org/junit/experimental/max/MaxHistory.java,description,src/main/java/org/junit/runner/Description.java,0
29170,getfailuretimestamp,description,src/main/java/org/junit/runner/Description.java,maxhistory,src/main/java/org/junit/experimental/max/MaxHistory.java,1
29171,puttestfailuretimestamp,maxhistory,src/main/java/org/junit/experimental/max/MaxHistory.java,description,src/main/java/org/junit/runner/Description.java,0
29172,puttestfailuretimestamp,description,src/main/java/org/junit/runner/Description.java,maxhistory,src/main/java/org/junit/experimental/max/MaxHistory.java,1
29173,isnewtest,maxhistory,src/main/java/org/junit/experimental/max/MaxHistory.java,description,src/main/java/org/junit/runner/Description.java,0
29174,isnewtest,description,src/main/java/org/junit/runner/Description.java,maxhistory,src/main/java/org/junit/experimental/max/MaxHistory.java,1
29175,gettestduration,maxhistory,src/main/java/org/junit/experimental/max/MaxHistory.java,description,src/main/java/org/junit/runner/Description.java,0
29176,gettestduration,description,src/main/java/org/junit/runner/Description.java,maxhistory,src/main/java/org/junit/experimental/max/MaxHistory.java,1
29177,puttestduration,maxhistory,src/main/java/org/junit/experimental/max/MaxHistory.java,description,src/main/java/org/junit/runner/Description.java,0
29178,puttestduration,description,src/main/java/org/junit/runner/Description.java,maxhistory,src/main/java/org/junit/experimental/max/MaxHistory.java,1
29179,run,maxcore,src/main/java/org/junit/experimental/max/MaxCore.java,maxhistory,src/main/java/org/junit/experimental/max/MaxHistory.java,0
29180,run,maxhistory,src/main/java/org/junit/experimental/max/MaxHistory.java,maxcore,src/main/java/org/junit/experimental/max/MaxCore.java,1
29181,run,maxcore,src/main/java/org/junit/experimental/max/MaxCore.java,maxhistory,src/main/java/org/junit/experimental/max/MaxHistory.java,0
29182,run,maxhistory,src/main/java/org/junit/experimental/max/MaxHistory.java,maxcore,src/main/java/org/junit/experimental/max/MaxCore.java,1
29183,run,maxcore,src/main/java/org/junit/experimental/max/MaxCore.java,request,src/main/java/org/junit/runner/Request.java,0
29184,run,request,src/main/java/org/junit/runner/Request.java,maxcore,src/main/java/org/junit/experimental/max/MaxCore.java,1
29185,run,maxcore,src/main/java/org/junit/experimental/max/MaxCore.java,junitcore,src/main/java/org/junit/runner/JUnitCore.java,0
29186,run,junitcore,src/main/java/org/junit/runner/JUnitCore.java,maxcore,src/main/java/org/junit/experimental/max/MaxCore.java,1
29187,sortrequest,maxcore,src/main/java/org/junit/experimental/max/MaxCore.java,maxhistory,src/main/java/org/junit/experimental/max/MaxHistory.java,0
29188,sortrequest,maxhistory,src/main/java/org/junit/experimental/max/MaxHistory.java,maxcore,src/main/java/org/junit/experimental/max/MaxCore.java,1
29189,sortrequest,maxcore,src/main/java/org/junit/experimental/max/MaxCore.java,request,src/main/java/org/junit/runner/Request.java,0
29190,sortrequest,request,src/main/java/org/junit/runner/Request.java,maxcore,src/main/java/org/junit/experimental/max/MaxCore.java,1
29191,constructleafrequest,maxcore,src/main/java/org/junit/experimental/max/MaxCore.java,maxhistory,src/main/java/org/junit/experimental/max/MaxHistory.java,0
29192,constructleafrequest,maxhistory,src/main/java/org/junit/experimental/max/MaxHistory.java,maxcore,src/main/java/org/junit/experimental/max/MaxCore.java,1
29193,buildrunner,maxcore,src/main/java/org/junit/experimental/max/MaxCore.java,maxhistory,src/main/java/org/junit/experimental/max/MaxHistory.java,0
29194,buildrunner,maxhistory,src/main/java/org/junit/experimental/max/MaxHistory.java,maxcore,src/main/java/org/junit/experimental/max/MaxCore.java,1
29195,buildrunner,maxcore,src/main/java/org/junit/experimental/max/MaxCore.java,description,src/main/java/org/junit/runner/Description.java,0
29196,buildrunner,description,src/main/java/org/junit/runner/Description.java,maxcore,src/main/java/org/junit/experimental/max/MaxCore.java,1
29197,getmalformedtestclass,maxcore,src/main/java/org/junit/experimental/max/MaxCore.java,description,src/main/java/org/junit/runner/Description.java,0
29198,getmalformedtestclass,description,src/main/java/org/junit/runner/Description.java,maxcore,src/main/java/org/junit/experimental/max/MaxCore.java,1
29199,findleaves,maxcore,src/main/java/org/junit/experimental/max/MaxCore.java,maxhistory,src/main/java/org/junit/experimental/max/MaxHistory.java,0
29200,findleaves,maxhistory,src/main/java/org/junit/experimental/max/MaxHistory.java,maxcore,src/main/java/org/junit/experimental/max/MaxCore.java,1
29201,findleaves,maxcore,src/main/java/org/junit/experimental/max/MaxCore.java,request,src/main/java/org/junit/runner/Request.java,0
29202,findleaves,request,src/main/java/org/junit/runner/Request.java,maxcore,src/main/java/org/junit/experimental/max/MaxCore.java,1
29203,getvaluesources,allmemberssupplier,src/main/java/org/junit/experimental/theories/internal/AllMembersSupplier.java,parametersignature,src/main/java/org/junit/experimental/theories/ParameterSignature.java,0
29204,getvaluesources,parametersignature,src/main/java/org/junit/experimental/theories/ParameterSignature.java,allmemberssupplier,src/main/java/org/junit/experimental/theories/internal/AllMembersSupplier.java,1
29205,getvaluesources,allmemberssupplier,src/main/java/org/junit/experimental/theories/internal/AllMembersSupplier.java,testclass,src/main/java/org/junit/internal/runners/TestClass.java,0
29206,getvaluesources,testclass,src/main/java/org/junit/internal/runners/TestClass.java,allmemberssupplier,src/main/java/org/junit/experimental/theories/internal/AllMembersSupplier.java,1
29207,addmultipointmethods,allmemberssupplier,src/main/java/org/junit/experimental/theories/internal/AllMembersSupplier.java,testclass,src/main/java/org/junit/internal/runners/TestClass.java,0
29208,addmultipointmethods,testclass,src/main/java/org/junit/internal/runners/TestClass.java,allmemberssupplier,src/main/java/org/junit/experimental/theories/internal/AllMembersSupplier.java,1
29209,addsinglepointmethods,allmemberssupplier,src/main/java/org/junit/experimental/theories/internal/AllMembersSupplier.java,parametersignature,src/main/java/org/junit/experimental/theories/ParameterSignature.java,0
29210,addsinglepointmethods,parametersignature,src/main/java/org/junit/experimental/theories/ParameterSignature.java,allmemberssupplier,src/main/java/org/junit/experimental/theories/internal/AllMembersSupplier.java,1
29211,addfields,allmemberssupplier,src/main/java/org/junit/experimental/theories/internal/AllMembersSupplier.java,parametersignature,src/main/java/org/junit/experimental/theories/ParameterSignature.java,0
29212,addfields,parametersignature,src/main/java/org/junit/experimental/theories/ParameterSignature.java,allmemberssupplier,src/main/java/org/junit/experimental/theories/internal/AllMembersSupplier.java,1
29213,addfields,allmemberssupplier,src/main/java/org/junit/experimental/theories/internal/AllMembersSupplier.java,testclass,src/main/java/org/junit/internal/runners/TestClass.java,0
29214,addfields,testclass,src/main/java/org/junit/internal/runners/TestClass.java,allmemberssupplier,src/main/java/org/junit/experimental/theories/internal/AllMembersSupplier.java,1
29215,addarrayvalues,allmemberssupplier,src/main/java/org/junit/experimental/theories/internal/AllMembersSupplier.java,testclass,src/main/java/org/junit/internal/runners/TestClass.java,0
29216,addarrayvalues,testclass,src/main/java/org/junit/internal/runners/TestClass.java,allmemberssupplier,src/main/java/org/junit/experimental/theories/internal/AllMembersSupplier.java,1
29217,nextunassigned,assignments,src/main/java/org/junit/experimental/theories/internal/Assignments.java,testclass,src/main/java/org/junit/internal/runners/TestClass.java,0
29218,nextunassigned,testclass,src/main/java/org/junit/internal/runners/TestClass.java,assignments,src/main/java/org/junit/experimental/theories/internal/Assignments.java,1
29219,potentialsfornextunassigned,assignments,src/main/java/org/junit/experimental/theories/internal/Assignments.java,testclass,src/main/java/org/junit/internal/runners/TestClass.java,0
29220,potentialsfornextunassigned,testclass,src/main/java/org/junit/internal/runners/TestClass.java,assignments,src/main/java/org/junit/experimental/theories/internal/Assignments.java,1
29221,getsupplier,assignments,src/main/java/org/junit/experimental/theories/internal/Assignments.java,parametersignature,src/main/java/org/junit/experimental/theories/ParameterSignature.java,0
29222,getsupplier,parametersignature,src/main/java/org/junit/experimental/theories/ParameterSignature.java,assignments,src/main/java/org/junit/experimental/theories/internal/Assignments.java,1
29223,getsupplier,assignments,src/main/java/org/junit/experimental/theories/internal/Assignments.java,testclass,src/main/java/org/junit/internal/runners/TestClass.java,0
29224,getsupplier,testclass,src/main/java/org/junit/internal/runners/TestClass.java,assignments,src/main/java/org/junit/experimental/theories/internal/Assignments.java,1
29225,getmethodarguments,assignments,src/main/java/org/junit/experimental/theories/internal/Assignments.java,testclass,src/main/java/org/junit/internal/runners/TestClass.java,0
29226,getmethodarguments,testclass,src/main/java/org/junit/internal/runners/TestClass.java,assignments,src/main/java/org/junit/experimental/theories/internal/Assignments.java,1
29227,getallarguments,assignments,src/main/java/org/junit/experimental/theories/internal/Assignments.java,testclass,src/main/java/org/junit/internal/runners/TestClass.java,0
29228,getallarguments,testclass,src/main/java/org/junit/internal/runners/TestClass.java,assignments,src/main/java/org/junit/experimental/theories/internal/Assignments.java,1
29229,testrunfinished,textlistener,src/main/java/org/junit/internal/TextListener.java,result,src/main/java/org/junit/runner/Result.java,0
29230,testrunfinished,result,src/main/java/org/junit/runner/Result.java,textlistener,src/main/java/org/junit/internal/TextListener.java,1
29231,teststarted,textlistener,src/main/java/org/junit/internal/TextListener.java,description,src/main/java/org/junit/runner/Description.java,0
29232,teststarted,description,src/main/java/org/junit/runner/Description.java,textlistener,src/main/java/org/junit/internal/TextListener.java,1
29233,testfailure,textlistener,src/main/java/org/junit/internal/TextListener.java,failure,src/main/java/org/junit/runner/notification/Failure.java,0
29234,testfailure,failure,src/main/java/org/junit/runner/notification/Failure.java,textlistener,src/main/java/org/junit/internal/TextListener.java,1
29235,testignored,textlistener,src/main/java/org/junit/internal/TextListener.java,description,src/main/java/org/junit/runner/Description.java,0
29236,testignored,description,src/main/java/org/junit/runner/Description.java,textlistener,src/main/java/org/junit/internal/TextListener.java,1
29237,printfailures,textlistener,src/main/java/org/junit/internal/TextListener.java,result,src/main/java/org/junit/runner/Result.java,0
29238,printfailures,result,src/main/java/org/junit/runner/Result.java,textlistener,src/main/java/org/junit/internal/TextListener.java,1
29239,printfailure,textlistener,src/main/java/org/junit/internal/TextListener.java,failure,src/main/java/org/junit/runner/notification/Failure.java,0
29240,printfailure,failure,src/main/java/org/junit/runner/notification/Failure.java,textlistener,src/main/java/org/junit/internal/TextListener.java,1
29241,printfooter,textlistener,src/main/java/org/junit/internal/TextListener.java,result,src/main/java/org/junit/runner/Result.java,0
29242,printfooter,result,src/main/java/org/junit/runner/Result.java,textlistener,src/main/java/org/junit/internal/TextListener.java,1
29243,runnerforclass,annotatedbuilder,src/main/java/org/junit/internal/builders/AnnotatedBuilder.java,runnerbuilder,src/main/java/org/junit/runners/model/RunnerBuilder.java,0
29244,runnerforclass,runnerbuilder,src/main/java/org/junit/runners/model/RunnerBuilder.java,annotatedbuilder,src/main/java/org/junit/internal/builders/AnnotatedBuilder.java,1
29245,getrunner,filterrequest,src/main/java/org/junit/internal/requests/FilterRequest.java,request,src/main/java/org/junit/runner/Request.java,0
29246,getrunner,request,src/main/java/org/junit/runner/Request.java,filterrequest,src/main/java/org/junit/internal/requests/FilterRequest.java,1
29247,getrunner,sortingrequest,src/main/java/org/junit/internal/requests/SortingRequest.java,request,src/main/java/org/junit/runner/Request.java,0
29248,getrunner,request,src/main/java/org/junit/runner/Request.java,sortingrequest,src/main/java/org/junit/internal/requests/SortingRequest.java,1
29249,run,errorreportingrunner,src/main/java/org/junit/internal/runners/ErrorReportingRunner.java,runnotifier,src/main/java/org/junit/runner/notification/RunNotifier.java,0
29250,run,runnotifier,src/main/java/org/junit/runner/notification/RunNotifier.java,errorreportingrunner,src/main/java/org/junit/internal/runners/ErrorReportingRunner.java,1
29251,runcause,errorreportingrunner,src/main/java/org/junit/internal/runners/ErrorReportingRunner.java,runnotifier,src/main/java/org/junit/runner/notification/RunNotifier.java,0
29252,runcause,runnotifier,src/main/java/org/junit/runner/notification/RunNotifier.java,errorreportingrunner,src/main/java/org/junit/internal/runners/ErrorReportingRunner.java,1
29253,rununprotected,classroadie,src/main/java/org/junit/internal/runners/ClassRoadie.java,testclass,src/main/java/org/junit/internal/runners/TestClass.java,0
29254,rununprotected,testclass,src/main/java/org/junit/internal/runners/TestClass.java,classroadie,src/main/java/org/junit/internal/runners/ClassRoadie.java,1
29255,rununprotected,classroadie,src/main/java/org/junit/internal/runners/ClassRoadie.java,description,src/main/java/org/junit/runner/Description.java,0
29256,rununprotected,description,src/main/java/org/junit/runner/Description.java,classroadie,src/main/java/org/junit/internal/runners/ClassRoadie.java,1
29257,rununprotected,classroadie,src/main/java/org/junit/internal/runners/ClassRoadie.java,runnotifier,src/main/java/org/junit/runner/notification/RunNotifier.java,0
29258,rununprotected,runnotifier,src/main/java/org/junit/runner/notification/RunNotifier.java,classroadie,src/main/java/org/junit/internal/runners/ClassRoadie.java,1
29259,runprotected,classroadie,src/main/java/org/junit/internal/runners/ClassRoadie.java,testclass,src/main/java/org/junit/internal/runners/TestClass.java,0
29260,runprotected,testclass,src/main/java/org/junit/internal/runners/TestClass.java,classroadie,src/main/java/org/junit/internal/runners/ClassRoadie.java,1
29261,runprotected,classroadie,src/main/java/org/junit/internal/runners/ClassRoadie.java,description,src/main/java/org/junit/runner/Description.java,0
29262,runprotected,description,src/main/java/org/junit/runner/Description.java,classroadie,src/main/java/org/junit/internal/runners/ClassRoadie.java,1
29263,runprotected,classroadie,src/main/java/org/junit/internal/runners/ClassRoadie.java,runnotifier,src/main/java/org/junit/runner/notification/RunNotifier.java,0
29264,runprotected,runnotifier,src/main/java/org/junit/runner/notification/RunNotifier.java,classroadie,src/main/java/org/junit/internal/runners/ClassRoadie.java,1
29265,run,methodroadie,src/main/java/org/junit/internal/runners/MethodRoadie.java,testmethod,src/main/java/org/junit/internal/runners/TestMethod.java,0
29266,run,testmethod,src/main/java/org/junit/internal/runners/TestMethod.java,methodroadie,src/main/java/org/junit/internal/runners/MethodRoadie.java,1
29267,run,methodroadie,src/main/java/org/junit/internal/runners/MethodRoadie.java,description,src/main/java/org/junit/runner/Description.java,0
29268,run,description,src/main/java/org/junit/runner/Description.java,methodroadie,src/main/java/org/junit/internal/runners/MethodRoadie.java,1
29269,run,methodroadie,src/main/java/org/junit/internal/runners/MethodRoadie.java,runnotifier,src/main/java/org/junit/runner/notification/RunNotifier.java,0
29270,run,runnotifier,src/main/java/org/junit/runner/notification/RunNotifier.java,methodroadie,src/main/java/org/junit/internal/runners/MethodRoadie.java,1
29271,runbeforesthentestthen,methodroadie,src/main/java/org/junit/internal/runners/MethodRoadie.java,testmethod,src/main/java/org/junit/internal/runners/TestMethod.java,0
29272,runbeforesthentestthen,testmethod,src/main/java/org/junit/internal/runners/TestMethod.java,methodroadie,src/main/java/org/junit/internal/runners/MethodRoadie.java,1
29273,runbeforesthentestthen,methodroadie,src/main/java/org/junit/internal/runners/MethodRoadie.java,description,src/main/java/org/junit/runner/Description.java,0
29274,runbeforesthentestthen,description,src/main/java/org/junit/runner/Description.java,methodroadie,src/main/java/org/junit/internal/runners/MethodRoadie.java,1
29275,runbeforesthentestthen,methodroadie,src/main/java/org/junit/internal/runners/MethodRoadie.java,runnotifier,src/main/java/org/junit/runner/notification/RunNotifier.java,0
29276,runbeforesthentestthen,runnotifier,src/main/java/org/junit/runner/notification/RunNotifier.java,methodroadie,src/main/java/org/junit/internal/runners/MethodRoadie.java,1
29277,runtestmethod,methodroadie,src/main/java/org/junit/internal/runners/MethodRoadie.java,testmethod,src/main/java/org/junit/internal/runners/TestMethod.java,0
29278,runtestmethod,testmethod,src/main/java/org/junit/internal/runners/TestMethod.java,methodroadie,src/main/java/org/junit/internal/runners/MethodRoadie.java,1
29279,runtestmethod,methodroadie,src/main/java/org/junit/internal/runners/MethodRoadie.java,description,src/main/java/org/junit/runner/Description.java,0
29280,runtestmethod,description,src/main/java/org/junit/runner/Description.java,methodroadie,src/main/java/org/junit/internal/runners/MethodRoadie.java,1
29281,runtestmethod,methodroadie,src/main/java/org/junit/internal/runners/MethodRoadie.java,runnotifier,src/main/java/org/junit/runner/notification/RunNotifier.java,0
29282,runtestmethod,runnotifier,src/main/java/org/junit/runner/notification/RunNotifier.java,methodroadie,src/main/java/org/junit/internal/runners/MethodRoadie.java,1
29283,runbefores,methodroadie,src/main/java/org/junit/internal/runners/MethodRoadie.java,testmethod,src/main/java/org/junit/internal/runners/TestMethod.java,0
29284,runbefores,testmethod,src/main/java/org/junit/internal/runners/TestMethod.java,methodroadie,src/main/java/org/junit/internal/runners/MethodRoadie.java,1
29285,runbefores,methodroadie,src/main/java/org/junit/internal/runners/MethodRoadie.java,description,src/main/java/org/junit/runner/Description.java,0
29286,runbefores,description,src/main/java/org/junit/runner/Description.java,methodroadie,src/main/java/org/junit/internal/runners/MethodRoadie.java,1
29287,runbefores,methodroadie,src/main/java/org/junit/internal/runners/MethodRoadie.java,runnotifier,src/main/java/org/junit/runner/notification/RunNotifier.java,0
29288,runbefores,runnotifier,src/main/java/org/junit/runner/notification/RunNotifier.java,methodroadie,src/main/java/org/junit/internal/runners/MethodRoadie.java,1
29289,runafters,methodroadie,src/main/java/org/junit/internal/runners/MethodRoadie.java,testmethod,src/main/java/org/junit/internal/runners/TestMethod.java,0
29290,runafters,testmethod,src/main/java/org/junit/internal/runners/TestMethod.java,methodroadie,src/main/java/org/junit/internal/runners/MethodRoadie.java,1
29291,runafters,methodroadie,src/main/java/org/junit/internal/runners/MethodRoadie.java,description,src/main/java/org/junit/runner/Description.java,0
29292,runafters,description,src/main/java/org/junit/runner/Description.java,methodroadie,src/main/java/org/junit/internal/runners/MethodRoadie.java,1
29293,runafters,methodroadie,src/main/java/org/junit/internal/runners/MethodRoadie.java,runnotifier,src/main/java/org/junit/runner/notification/RunNotifier.java,0
29294,runafters,runnotifier,src/main/java/org/junit/runner/notification/RunNotifier.java,methodroadie,src/main/java/org/junit/internal/runners/MethodRoadie.java,1
29295,gettestmethods,junit4classrunner,src/main/java/org/junit/internal/runners/JUnit4ClassRunner.java,testclass,src/main/java/org/junit/internal/runners/TestClass.java,0
29296,gettestmethods,testclass,src/main/java/org/junit/internal/runners/TestClass.java,junit4classrunner,src/main/java/org/junit/internal/runners/JUnit4ClassRunner.java,1
29297,run,junit4classrunner,src/main/java/org/junit/internal/runners/JUnit4ClassRunner.java,testclass,src/main/java/org/junit/internal/runners/TestClass.java,0
29298,run,testclass,src/main/java/org/junit/internal/runners/TestClass.java,junit4classrunner,src/main/java/org/junit/internal/runners/JUnit4ClassRunner.java,1
29299,run,junit4classrunner,src/main/java/org/junit/internal/runners/JUnit4ClassRunner.java,runnotifier,src/main/java/org/junit/runner/notification/RunNotifier.java,0
29300,run,runnotifier,src/main/java/org/junit/runner/notification/RunNotifier.java,junit4classrunner,src/main/java/org/junit/internal/runners/JUnit4ClassRunner.java,1
29301,runmethods,junit4classrunner,src/main/java/org/junit/internal/runners/JUnit4ClassRunner.java,testclass,src/main/java/org/junit/internal/runners/TestClass.java,0
29302,runmethods,testclass,src/main/java/org/junit/internal/runners/TestClass.java,junit4classrunner,src/main/java/org/junit/internal/runners/JUnit4ClassRunner.java,1
29303,runmethods,junit4classrunner,src/main/java/org/junit/internal/runners/JUnit4ClassRunner.java,runnotifier,src/main/java/org/junit/runner/notification/RunNotifier.java,0
29304,runmethods,runnotifier,src/main/java/org/junit/runner/notification/RunNotifier.java,junit4classrunner,src/main/java/org/junit/internal/runners/JUnit4ClassRunner.java,1
29305,getdescription,junit4classrunner,src/main/java/org/junit/internal/runners/JUnit4ClassRunner.java,testclass,src/main/java/org/junit/internal/runners/TestClass.java,0
29306,getdescription,testclass,src/main/java/org/junit/internal/runners/TestClass.java,junit4classrunner,src/main/java/org/junit/internal/runners/JUnit4ClassRunner.java,1
29307,invoketestmethod,junit4classrunner,src/main/java/org/junit/internal/runners/JUnit4ClassRunner.java,testclass,src/main/java/org/junit/internal/runners/TestClass.java,0
29308,invoketestmethod,testclass,src/main/java/org/junit/internal/runners/TestClass.java,junit4classrunner,src/main/java/org/junit/internal/runners/JUnit4ClassRunner.java,1
29309,invoketestmethod,junit4classrunner,src/main/java/org/junit/internal/runners/JUnit4ClassRunner.java,runnotifier,src/main/java/org/junit/runner/notification/RunNotifier.java,0
29310,invoketestmethod,runnotifier,src/main/java/org/junit/runner/notification/RunNotifier.java,junit4classrunner,src/main/java/org/junit/internal/runners/JUnit4ClassRunner.java,1
29311,methoddescription,junit4classrunner,src/main/java/org/junit/internal/runners/JUnit4ClassRunner.java,testclass,src/main/java/org/junit/internal/runners/TestClass.java,0
29312,methoddescription,testclass,src/main/java/org/junit/internal/runners/TestClass.java,junit4classrunner,src/main/java/org/junit/internal/runners/JUnit4ClassRunner.java,1
29313,filter,junit4classrunner,src/main/java/org/junit/internal/runners/JUnit4ClassRunner.java,testclass,src/main/java/org/junit/internal/runners/TestClass.java,0
29314,filter,testclass,src/main/java/org/junit/internal/runners/TestClass.java,junit4classrunner,src/main/java/org/junit/internal/runners/JUnit4ClassRunner.java,1
29315,filter,junit4classrunner,src/main/java/org/junit/internal/runners/JUnit4ClassRunner.java,filter,src/main/java/org/junit/runner/manipulation/Filter.java,0
29316,filter,filter,src/main/java/org/junit/runner/manipulation/Filter.java,junit4classrunner,src/main/java/org/junit/internal/runners/JUnit4ClassRunner.java,1
29317,sort,junit4classrunner,src/main/java/org/junit/internal/runners/JUnit4ClassRunner.java,testclass,src/main/java/org/junit/internal/runners/TestClass.java,0
29318,sort,testclass,src/main/java/org/junit/internal/runners/TestClass.java,junit4classrunner,src/main/java/org/junit/internal/runners/JUnit4ClassRunner.java,1
29319,sort,junit4classrunner,src/main/java/org/junit/internal/runners/JUnit4ClassRunner.java,sorter,src/main/java/org/junit/runner/manipulation/Sorter.java,0
29320,sort,sorter,src/main/java/org/junit/runner/manipulation/Sorter.java,junit4classrunner,src/main/java/org/junit/internal/runners/JUnit4ClassRunner.java,1
29321,validateinstancemethods,methodvalidator,src/main/java/org/junit/internal/runners/MethodValidator.java,testclass,src/main/java/org/junit/internal/runners/TestClass.java,0
29322,validateinstancemethods,testclass,src/main/java/org/junit/internal/runners/TestClass.java,methodvalidator,src/main/java/org/junit/internal/runners/MethodValidator.java,1
29323,validatestaticmethods,methodvalidator,src/main/java/org/junit/internal/runners/MethodValidator.java,testclass,src/main/java/org/junit/internal/runners/TestClass.java,0
29324,validatestaticmethods,testclass,src/main/java/org/junit/internal/runners/TestClass.java,methodvalidator,src/main/java/org/junit/internal/runners/MethodValidator.java,1
29325,validatemethodsfordefaultrunner,methodvalidator,src/main/java/org/junit/internal/runners/MethodValidator.java,testclass,src/main/java/org/junit/internal/runners/TestClass.java,0
29326,validatemethodsfordefaultrunner,testclass,src/main/java/org/junit/internal/runners/TestClass.java,methodvalidator,src/main/java/org/junit/internal/runners/MethodValidator.java,1
29327,assertvalid,methodvalidator,src/main/java/org/junit/internal/runners/MethodValidator.java,testclass,src/main/java/org/junit/internal/runners/TestClass.java,0
29328,assertvalid,testclass,src/main/java/org/junit/internal/runners/TestClass.java,methodvalidator,src/main/java/org/junit/internal/runners/MethodValidator.java,1
29329,validatenoargconstructor,methodvalidator,src/main/java/org/junit/internal/runners/MethodValidator.java,testclass,src/main/java/org/junit/internal/runners/TestClass.java,0
29330,validatenoargconstructor,testclass,src/main/java/org/junit/internal/runners/TestClass.java,methodvalidator,src/main/java/org/junit/internal/runners/MethodValidator.java,1
29331,validatetestmethods,methodvalidator,src/main/java/org/junit/internal/runners/MethodValidator.java,testclass,src/main/java/org/junit/internal/runners/TestClass.java,0
29332,validatetestmethods,testclass,src/main/java/org/junit/internal/runners/TestClass.java,methodvalidator,src/main/java/org/junit/internal/runners/MethodValidator.java,1
29333,run,junit38classrunner,src/main/java/org/junit/internal/runners/JUnit38ClassRunner.java,runnotifier,src/main/java/org/junit/runner/notification/RunNotifier.java,0
29334,run,runnotifier,src/main/java/org/junit/runner/notification/RunNotifier.java,junit38classrunner,src/main/java/org/junit/internal/runners/JUnit38ClassRunner.java,1
29335,isignored,testmethod,src/main/java/org/junit/internal/runners/TestMethod.java,testclass,src/main/java/org/junit/internal/runners/TestClass.java,0
29336,isignored,testclass,src/main/java/org/junit/internal/runners/TestClass.java,testmethod,src/main/java/org/junit/internal/runners/TestMethod.java,1
29337,gettimeout,testmethod,src/main/java/org/junit/internal/runners/TestMethod.java,testclass,src/main/java/org/junit/internal/runners/TestClass.java,0
29338,gettimeout,testclass,src/main/java/org/junit/internal/runners/TestClass.java,testmethod,src/main/java/org/junit/internal/runners/TestMethod.java,1
29339,getexpectedexception,testmethod,src/main/java/org/junit/internal/runners/TestMethod.java,testclass,src/main/java/org/junit/internal/runners/TestClass.java,0
29340,getexpectedexception,testclass,src/main/java/org/junit/internal/runners/TestClass.java,testmethod,src/main/java/org/junit/internal/runners/TestMethod.java,1
29341,isunexpected,testmethod,src/main/java/org/junit/internal/runners/TestMethod.java,testclass,src/main/java/org/junit/internal/runners/TestClass.java,0
29342,isunexpected,testclass,src/main/java/org/junit/internal/runners/TestClass.java,testmethod,src/main/java/org/junit/internal/runners/TestMethod.java,1
29343,expectsexception,testmethod,src/main/java/org/junit/internal/runners/TestMethod.java,testclass,src/main/java/org/junit/internal/runners/TestClass.java,0
29344,expectsexception,testclass,src/main/java/org/junit/internal/runners/TestClass.java,testmethod,src/main/java/org/junit/internal/runners/TestMethod.java,1
29345,invoke,testmethod,src/main/java/org/junit/internal/runners/TestMethod.java,testclass,src/main/java/org/junit/internal/runners/TestClass.java,0
29346,invoke,testclass,src/main/java/org/junit/internal/runners/TestClass.java,testmethod,src/main/java/org/junit/internal/runners/TestMethod.java,1
29347,addfailure,eachtestnotifier,src/main/java/org/junit/internal/runners/model/EachTestNotifier.java,description,src/main/java/org/junit/runner/Description.java,0
29348,addfailure,description,src/main/java/org/junit/runner/Description.java,eachtestnotifier,src/main/java/org/junit/internal/runners/model/EachTestNotifier.java,1
29349,addfailure,eachtestnotifier,src/main/java/org/junit/internal/runners/model/EachTestNotifier.java,runnotifier,src/main/java/org/junit/runner/notification/RunNotifier.java,0
29350,addfailure,runnotifier,src/main/java/org/junit/runner/notification/RunNotifier.java,eachtestnotifier,src/main/java/org/junit/internal/runners/model/EachTestNotifier.java,1
29351,addmultiplefailureexception,eachtestnotifier,src/main/java/org/junit/internal/runners/model/EachTestNotifier.java,description,src/main/java/org/junit/runner/Description.java,0
29352,addmultiplefailureexception,description,src/main/java/org/junit/runner/Description.java,eachtestnotifier,src/main/java/org/junit/internal/runners/model/EachTestNotifier.java,1
29353,addmultiplefailureexception,eachtestnotifier,src/main/java/org/junit/internal/runners/model/EachTestNotifier.java,runnotifier,src/main/java/org/junit/runner/notification/RunNotifier.java,0
29354,addmultiplefailureexception,runnotifier,src/main/java/org/junit/runner/notification/RunNotifier.java,eachtestnotifier,src/main/java/org/junit/internal/runners/model/EachTestNotifier.java,1
29355,addmultiplefailureexception,eachtestnotifier,src/main/java/org/junit/internal/runners/model/EachTestNotifier.java,multiplefailureexception,src/main/java/org/junit/internal/runners/model/MultipleFailureException.java,0
29356,addmultiplefailureexception,multiplefailureexception,src/main/java/org/junit/internal/runners/model/MultipleFailureException.java,eachtestnotifier,src/main/java/org/junit/internal/runners/model/EachTestNotifier.java,1
29357,addfailedassumption,eachtestnotifier,src/main/java/org/junit/internal/runners/model/EachTestNotifier.java,description,src/main/java/org/junit/runner/Description.java,0
29358,addfailedassumption,description,src/main/java/org/junit/runner/Description.java,eachtestnotifier,src/main/java/org/junit/internal/runners/model/EachTestNotifier.java,1
29359,firetestfinished,eachtestnotifier,src/main/java/org/junit/internal/runners/model/EachTestNotifier.java,runnotifier,src/main/java/org/junit/runner/notification/RunNotifier.java,0
29360,firetestfinished,runnotifier,src/main/java/org/junit/runner/notification/RunNotifier.java,eachtestnotifier,src/main/java/org/junit/internal/runners/model/EachTestNotifier.java,1
29361,evaluate,failontimeout,src/main/java/org/junit/internal/runners/statements/FailOnTimeout.java,statement,src/main/java/org/junit/runners/model/Statement.java,0
29362,evaluate,statement,src/main/java/org/junit/runners/model/Statement.java,failontimeout,src/main/java/org/junit/internal/runners/statements/FailOnTimeout.java,1
29363,evaluatestatement,failontimeout,src/main/java/org/junit/internal/runners/statements/FailOnTimeout.java,statement,src/main/java/org/junit/runners/model/Statement.java,0
29364,evaluatestatement,statement,src/main/java/org/junit/runners/model/Statement.java,failontimeout,src/main/java/org/junit/internal/runners/statements/FailOnTimeout.java,1
29365,throwexceptionforunfinishedthread,failontimeout,src/main/java/org/junit/internal/runners/statements/FailOnTimeout.java,statement,src/main/java/org/junit/runners/model/Statement.java,0
29366,throwexceptionforunfinishedthread,statement,src/main/java/org/junit/runners/model/Statement.java,failontimeout,src/main/java/org/junit/internal/runners/statements/FailOnTimeout.java,1
29367,throwtimeoutexception,failontimeout,src/main/java/org/junit/internal/runners/statements/FailOnTimeout.java,statement,src/main/java/org/junit/runners/model/Statement.java,0
29368,throwtimeoutexception,statement,src/main/java/org/junit/runners/model/Statement.java,failontimeout,src/main/java/org/junit/internal/runners/statements/FailOnTimeout.java,1
29369,evaluate,expectexception,src/main/java/org/junit/internal/runners/statements/ExpectException.java,statement,src/main/java/org/junit/runners/model/Statement.java,0
29370,evaluate,statement,src/main/java/org/junit/runners/model/Statement.java,expectexception,src/main/java/org/junit/internal/runners/statements/ExpectException.java,1
29371,evaluate,runafters,src/main/java/org/junit/internal/runners/statements/RunAfters.java,statement,src/main/java/org/junit/runners/model/Statement.java,0
29372,evaluate,statement,src/main/java/org/junit/runners/model/Statement.java,runafters,src/main/java/org/junit/internal/runners/statements/RunAfters.java,1
29373,evaluate,runbefores,src/main/java/org/junit/internal/runners/statements/RunBefores.java,statement,src/main/java/org/junit/runners/model/Statement.java,0
29374,evaluate,statement,src/main/java/org/junit/runners/model/Statement.java,runbefores,src/main/java/org/junit/internal/runners/statements/RunBefores.java,1
29375,apply,timeout,src/main/java/org/junit/rules/Timeout.java,description,src/main/java/org/junit/runner/Description.java,0
29376,apply,description,src/main/java/org/junit/runner/Description.java,timeout,src/main/java/org/junit/rules/Timeout.java,1
29377,apply,timeout,src/main/java/org/junit/rules/Timeout.java,statement,src/main/java/org/junit/runners/model/Statement.java,0
29378,apply,statement,src/main/java/org/junit/runners/model/Statement.java,timeout,src/main/java/org/junit/rules/Timeout.java,1
29379,starting,testname,src/main/java/org/junit/rules/TestName.java,description,src/main/java/org/junit/runner/Description.java,0
29380,starting,description,src/main/java/org/junit/runner/Description.java,testname,src/main/java/org/junit/rules/TestName.java,1
29381,apply,testwatcher,src/main/java/org/junit/rules/TestWatcher.java,description,src/main/java/org/junit/runner/Description.java,0
29382,apply,description,src/main/java/org/junit/runner/Description.java,testwatcher,src/main/java/org/junit/rules/TestWatcher.java,1
29383,apply,testwatcher,src/main/java/org/junit/rules/TestWatcher.java,statement,src/main/java/org/junit/runners/model/Statement.java,0
29384,apply,statement,src/main/java/org/junit/runners/model/Statement.java,testwatcher,src/main/java/org/junit/rules/TestWatcher.java,1
29385,apply,testwatchman,src/main/java/org/junit/rules/TestWatchman.java,statement,src/main/java/org/junit/runners/model/Statement.java,0
29386,apply,statement,src/main/java/org/junit/runners/model/Statement.java,testwatchman,src/main/java/org/junit/rules/TestWatchman.java,1
29387,apply,testwatchman,src/main/java/org/junit/rules/TestWatchman.java,frameworkmethod,src/main/java/org/junit/runners/model/FrameworkMethod.java,0
29388,apply,frameworkmethod,src/main/java/org/junit/runners/model/FrameworkMethod.java,testwatchman,src/main/java/org/junit/rules/TestWatchman.java,1
29389,failed,testwatchman,src/main/java/org/junit/rules/TestWatchman.java,frameworkmethod,src/main/java/org/junit/runners/model/FrameworkMethod.java,0
29390,failed,frameworkmethod,src/main/java/org/junit/runners/model/FrameworkMethod.java,testwatchman,src/main/java/org/junit/rules/TestWatchman.java,1
29391,apply,externalresource,src/main/java/org/junit/rules/ExternalResource.java,description,src/main/java/org/junit/runner/Description.java,0
29392,apply,description,src/main/java/org/junit/runner/Description.java,externalresource,src/main/java/org/junit/rules/ExternalResource.java,1
29393,statement,externalresource,src/main/java/org/junit/rules/ExternalResource.java,statement,src/main/java/org/junit/runners/model/Statement.java,0
29394,statement,statement,src/main/java/org/junit/runners/model/Statement.java,externalresource,src/main/java/org/junit/rules/ExternalResource.java,1
29395,apply,verifier,src/main/java/org/junit/rules/Verifier.java,description,src/main/java/org/junit/runner/Description.java,0
29396,apply,description,src/main/java/org/junit/runner/Description.java,verifier,src/main/java/org/junit/rules/Verifier.java,1
29397,apply,verifier,src/main/java/org/junit/rules/Verifier.java,statement,src/main/java/org/junit/runners/model/Statement.java,0
29398,apply,statement,src/main/java/org/junit/runners/model/Statement.java,verifier,src/main/java/org/junit/rules/Verifier.java,1
29399,run,runner,src/main/java/org/junit/runner/Runner.java,runnotifier,src/main/java/org/junit/runner/notification/RunNotifier.java,0
29400,run,runnotifier,src/main/java/org/junit/runner/notification/RunNotifier.java,runner,src/main/java/org/junit/runner/Runner.java,1
29401,run,junitcore,src/main/java/org/junit/runner/JUnitCore.java,runner,src/main/java/org/junit/runner/Runner.java,0
29402,run,runner,src/main/java/org/junit/runner/Runner.java,junitcore,src/main/java/org/junit/runner/JUnitCore.java,1
29403,removelistener,junitcore,src/main/java/org/junit/runner/JUnitCore.java,runnotifier,src/main/java/org/junit/runner/notification/RunNotifier.java,0
29404,removelistener,runnotifier,src/main/java/org/junit/runner/notification/RunNotifier.java,junitcore,src/main/java/org/junit/runner/JUnitCore.java,1
29405,compare,sorter,src/main/java/org/junit/runner/manipulation/Sorter.java,description,src/main/java/org/junit/runner/Description.java,0
29406,compare,description,src/main/java/org/junit/runner/Description.java,sorter,src/main/java/org/junit/runner/manipulation/Sorter.java,1
29407,tostring,failure,src/main/java/org/junit/runner/notification/Failure.java,description,src/main/java/org/junit/runner/Description.java,0
29408,tostring,description,src/main/java/org/junit/runner/Description.java,failure,src/main/java/org/junit/runner/notification/Failure.java,1
29409,gettrace,failure,src/main/java/org/junit/runner/notification/Failure.java,description,src/main/java/org/junit/runner/Description.java,0
29410,gettrace,description,src/main/java/org/junit/runner/Description.java,failure,src/main/java/org/junit/runner/notification/Failure.java,1
29411,getmessage,failure,src/main/java/org/junit/runner/notification/Failure.java,description,src/main/java/org/junit/runner/Description.java,0
29412,getmessage,description,src/main/java/org/junit/runner/Description.java,failure,src/main/java/org/junit/runner/notification/Failure.java,1
29413,testrunstarted,runlistener,src/main/java/org/junit/runner/notification/RunListener.java,description,src/main/java/org/junit/runner/Description.java,0
29414,testrunstarted,description,src/main/java/org/junit/runner/Description.java,runlistener,src/main/java/org/junit/runner/notification/RunListener.java,1
29415,firetestrunstarted,runnotifier,src/main/java/org/junit/runner/notification/RunNotifier.java,description,src/main/java/org/junit/runner/Description.java,0
29416,firetestrunstarted,description,src/main/java/org/junit/runner/Description.java,runnotifier,src/main/java/org/junit/runner/notification/RunNotifier.java,1
29417,firetestrunfinished,runnotifier,src/main/java/org/junit/runner/notification/RunNotifier.java,result,src/main/java/org/junit/runner/Result.java,0
29418,firetestrunfinished,result,src/main/java/org/junit/runner/Result.java,runnotifier,src/main/java/org/junit/runner/notification/RunNotifier.java,1
29419,fireteststarted,runnotifier,src/main/java/org/junit/runner/notification/RunNotifier.java,description,src/main/java/org/junit/runner/Description.java,0
29420,fireteststarted,description,src/main/java/org/junit/runner/Description.java,runnotifier,src/main/java/org/junit/runner/notification/RunNotifier.java,1
29421,runchild,blockjunit4classrunner,src/main/java/org/junit/runners/BlockJUnit4ClassRunner.java,runnotifier,src/main/java/org/junit/runner/notification/RunNotifier.java,0
29422,runchild,runnotifier,src/main/java/org/junit/runner/notification/RunNotifier.java,blockjunit4classrunner,src/main/java/org/junit/runners/BlockJUnit4ClassRunner.java,1
29423,runchild,blockjunit4classrunner,src/main/java/org/junit/runners/BlockJUnit4ClassRunner.java,frameworkmethod,src/main/java/org/junit/runners/model/FrameworkMethod.java,0
29424,runchild,frameworkmethod,src/main/java/org/junit/runners/model/FrameworkMethod.java,blockjunit4classrunner,src/main/java/org/junit/runners/BlockJUnit4ClassRunner.java,1
29425,methodblock,blockjunit4classrunner,src/main/java/org/junit/runners/BlockJUnit4ClassRunner.java,frameworkmethod,src/main/java/org/junit/runners/model/FrameworkMethod.java,0
29426,methodblock,frameworkmethod,src/main/java/org/junit/runners/model/FrameworkMethod.java,blockjunit4classrunner,src/main/java/org/junit/runners/BlockJUnit4ClassRunner.java,1
29427,possiblyexpectingexceptions,blockjunit4classrunner,src/main/java/org/junit/runners/BlockJUnit4ClassRunner.java,statement,src/main/java/org/junit/runners/model/Statement.java,0
29428,possiblyexpectingexceptions,statement,src/main/java/org/junit/runners/model/Statement.java,blockjunit4classrunner,src/main/java/org/junit/runners/BlockJUnit4ClassRunner.java,1
29429,possiblyexpectingexceptions,blockjunit4classrunner,src/main/java/org/junit/runners/BlockJUnit4ClassRunner.java,frameworkmethod,src/main/java/org/junit/runners/model/FrameworkMethod.java,0
29430,possiblyexpectingexceptions,frameworkmethod,src/main/java/org/junit/runners/model/FrameworkMethod.java,blockjunit4classrunner,src/main/java/org/junit/runners/BlockJUnit4ClassRunner.java,1
29431,withpotentialtimeout,blockjunit4classrunner,src/main/java/org/junit/runners/BlockJUnit4ClassRunner.java,statement,src/main/java/org/junit/runners/model/Statement.java,0
29432,withpotentialtimeout,statement,src/main/java/org/junit/runners/model/Statement.java,blockjunit4classrunner,src/main/java/org/junit/runners/BlockJUnit4ClassRunner.java,1
29433,withpotentialtimeout,blockjunit4classrunner,src/main/java/org/junit/runners/BlockJUnit4ClassRunner.java,frameworkmethod,src/main/java/org/junit/runners/model/FrameworkMethod.java,0
29434,withpotentialtimeout,frameworkmethod,src/main/java/org/junit/runners/model/FrameworkMethod.java,blockjunit4classrunner,src/main/java/org/junit/runners/BlockJUnit4ClassRunner.java,1
29435,withrules,blockjunit4classrunner,src/main/java/org/junit/runners/BlockJUnit4ClassRunner.java,statement,src/main/java/org/junit/runners/model/Statement.java,0
29436,withrules,statement,src/main/java/org/junit/runners/model/Statement.java,blockjunit4classrunner,src/main/java/org/junit/runners/BlockJUnit4ClassRunner.java,1
29437,withrules,blockjunit4classrunner,src/main/java/org/junit/runners/BlockJUnit4ClassRunner.java,frameworkmethod,src/main/java/org/junit/runners/model/FrameworkMethod.java,0
29438,withrules,frameworkmethod,src/main/java/org/junit/runners/model/FrameworkMethod.java,blockjunit4classrunner,src/main/java/org/junit/runners/BlockJUnit4ClassRunner.java,1
29439,withmethodrules,blockjunit4classrunner,src/main/java/org/junit/runners/BlockJUnit4ClassRunner.java,statement,src/main/java/org/junit/runners/model/Statement.java,0
29440,withmethodrules,statement,src/main/java/org/junit/runners/model/Statement.java,blockjunit4classrunner,src/main/java/org/junit/runners/BlockJUnit4ClassRunner.java,1
29441,withmethodrules,blockjunit4classrunner,src/main/java/org/junit/runners/BlockJUnit4ClassRunner.java,frameworkmethod,src/main/java/org/junit/runners/model/FrameworkMethod.java,0
29442,withmethodrules,frameworkmethod,src/main/java/org/junit/runners/model/FrameworkMethod.java,blockjunit4classrunner,src/main/java/org/junit/runners/BlockJUnit4ClassRunner.java,1
29443,withtestrules,blockjunit4classrunner,src/main/java/org/junit/runners/BlockJUnit4ClassRunner.java,statement,src/main/java/org/junit/runners/model/Statement.java,0
29444,withtestrules,statement,src/main/java/org/junit/runners/model/Statement.java,blockjunit4classrunner,src/main/java/org/junit/runners/BlockJUnit4ClassRunner.java,1
29445,withtestrules,blockjunit4classrunner,src/main/java/org/junit/runners/BlockJUnit4ClassRunner.java,frameworkmethod,src/main/java/org/junit/runners/model/FrameworkMethod.java,0
29446,withtestrules,frameworkmethod,src/main/java/org/junit/runners/model/FrameworkMethod.java,blockjunit4classrunner,src/main/java/org/junit/runners/BlockJUnit4ClassRunner.java,1
29447,getparameterslist,parameterized,src/main/java/org/junit/runners/Parameterized.java,testclass,src/main/java/org/junit/internal/runners/TestClass.java,0
29448,getparameterslist,testclass,src/main/java/org/junit/internal/runners/TestClass.java,parameterized,src/main/java/org/junit/runners/Parameterized.java,1
29449,collectinitializationerrors,parentrunner,src/main/java/org/junit/runners/ParentRunner.java,sorter,src/main/java/org/junit/runner/manipulation/Sorter.java,0
29450,collectinitializationerrors,sorter,src/main/java/org/junit/runner/manipulation/Sorter.java,parentrunner,src/main/java/org/junit/runners/ParentRunner.java,1
29451,withbeforeclasses,parentrunner,src/main/java/org/junit/runners/ParentRunner.java,sorter,src/main/java/org/junit/runner/manipulation/Sorter.java,0
29452,withbeforeclasses,sorter,src/main/java/org/junit/runner/manipulation/Sorter.java,parentrunner,src/main/java/org/junit/runners/ParentRunner.java,1
29453,withclassrules,parentrunner,src/main/java/org/junit/runners/ParentRunner.java,statement,src/main/java/org/junit/runners/model/Statement.java,0
29454,withclassrules,statement,src/main/java/org/junit/runners/model/Statement.java,parentrunner,src/main/java/org/junit/runners/ParentRunner.java,1
29455,gettestclass,parentrunner,src/main/java/org/junit/runners/ParentRunner.java,sorter,src/main/java/org/junit/runner/manipulation/Sorter.java,0
29456,gettestclass,sorter,src/main/java/org/junit/runner/manipulation/Sorter.java,parentrunner,src/main/java/org/junit/runners/ParentRunner.java,1
29457,runleaf,parentrunner,src/main/java/org/junit/runners/ParentRunner.java,sorter,src/main/java/org/junit/runner/manipulation/Sorter.java,0
29458,runleaf,sorter,src/main/java/org/junit/runner/manipulation/Sorter.java,parentrunner,src/main/java/org/junit/runners/ParentRunner.java,1
29459,getrunnerannotations,parentrunner,src/main/java/org/junit/runners/ParentRunner.java,testclass,src/main/java/org/junit/internal/runners/TestClass.java,0
29460,getrunnerannotations,testclass,src/main/java/org/junit/internal/runners/TestClass.java,parentrunner,src/main/java/org/junit/runners/ParentRunner.java,1
29461,getdescription,parentrunner,src/main/java/org/junit/runners/ParentRunner.java,testclass,src/main/java/org/junit/internal/runners/TestClass.java,0
29462,getdescription,testclass,src/main/java/org/junit/internal/runners/TestClass.java,parentrunner,src/main/java/org/junit/runners/ParentRunner.java,1
45093,getcustomname,filter,src/main/java/org/junit/runner/manipulation/Filter.java,filter,src/main/java/org/junit/runner/manipulation/Filter.java,0
45094,getcustomname,filter,src/main/java/org/junit/runner/manipulation/Filter.java,filter,src/main/java/org/junit/runner/manipulation/Filter.java,1
45097,setfilter,filter,src/main/java/org/junit/runner/manipulation/Filter.java,filter,src/main/java/org/junit/runner/manipulation/Filter.java,0
45098,setfilter,filter,src/main/java/org/junit/runner/manipulation/Filter.java,filter,src/main/java/org/junit/runner/manipulation/Filter.java,1
45107,setwrappedalgorithm,filter,src/main/java/org/junit/runner/manipulation/Filter.java,filter,src/main/java/org/junit/runner/manipulation/Filter.java,0
45108,setwrappedalgorithm,filter,src/main/java/org/junit/runner/manipulation/Filter.java,filter,src/main/java/org/junit/runner/manipulation/Filter.java,1
45115,acceptinstance,filter,src/main/java/org/junit/runner/manipulation/Filter.java,filter,src/main/java/org/junit/runner/manipulation/Filter.java,0
45116,acceptinstance,filter,src/main/java/org/junit/runner/manipulation/Filter.java,filter,src/main/java/org/junit/runner/manipulation/Filter.java,1
45123,processtrainingordatasource,filter,src/main/java/org/junit/runner/manipulation/Filter.java,filter,src/main/java/org/junit/runner/manipulation/Filter.java,0
45124,processtrainingordatasource,filter,src/main/java/org/junit/runner/manipulation/Filter.java,filter,src/main/java/org/junit/runner/manipulation/Filter.java,1
45131,accepttestset,filter,src/main/java/org/junit/runner/manipulation/Filter.java,filter,src/main/java/org/junit/runner/manipulation/Filter.java,0
45132,accepttestset,filter,src/main/java/org/junit/runner/manipulation/Filter.java,filter,src/main/java/org/junit/runner/manipulation/Filter.java,1
45153,connectionallowed,filter,src/main/java/org/junit/runner/manipulation/Filter.java,filter,src/main/java/org/junit/runner/manipulation/Filter.java,0
45154,connectionallowed,filter,src/main/java/org/junit/runner/manipulation/Filter.java,filter,src/main/java/org/junit/runner/manipulation/Filter.java,1
45161,connectionnotification,filter,src/main/java/org/junit/runner/manipulation/Filter.java,filter,src/main/java/org/junit/runner/manipulation/Filter.java,0
45162,connectionnotification,filter,src/main/java/org/junit/runner/manipulation/Filter.java,filter,src/main/java/org/junit/runner/manipulation/Filter.java,1
45169,disconnectionnotification,filter,src/main/java/org/junit/runner/manipulation/Filter.java,filter,src/main/java/org/junit/runner/manipulation/Filter.java,0
45170,disconnectionnotification,filter,src/main/java/org/junit/runner/manipulation/Filter.java,filter,src/main/java/org/junit/runner/manipulation/Filter.java,1
45177,block,filter,src/main/java/org/junit/runner/manipulation/Filter.java,filter,src/main/java/org/junit/runner/manipulation/Filter.java,0
45178,block,filter,src/main/java/org/junit/runner/manipulation/Filter.java,filter,src/main/java/org/junit/runner/manipulation/Filter.java,1
45185,stop,filter,src/main/java/org/junit/runner/manipulation/Filter.java,filter,src/main/java/org/junit/runner/manipulation/Filter.java,0
45186,stop,filter,src/main/java/org/junit/runner/manipulation/Filter.java,filter,src/main/java/org/junit/runner/manipulation/Filter.java,1
45193,isbusy,filter,src/main/java/org/junit/runner/manipulation/Filter.java,filter,src/main/java/org/junit/runner/manipulation/Filter.java,0
45194,isbusy,filter,src/main/java/org/junit/runner/manipulation/Filter.java,filter,src/main/java/org/junit/runner/manipulation/Filter.java,1
45201,enumeraterequests,filter,src/main/java/org/junit/runner/manipulation/Filter.java,filter,src/main/java/org/junit/runner/manipulation/Filter.java,0
45202,enumeraterequests,filter,src/main/java/org/junit/runner/manipulation/Filter.java,filter,src/main/java/org/junit/runner/manipulation/Filter.java,1
45209,performrequest,filter,src/main/java/org/junit/runner/manipulation/Filter.java,filter,src/main/java/org/junit/runner/manipulation/Filter.java,0
45210,performrequest,filter,src/main/java/org/junit/runner/manipulation/Filter.java,filter,src/main/java/org/junit/runner/manipulation/Filter.java,1
45217,eventgeneratable,filter,src/main/java/org/junit/runner/manipulation/Filter.java,filter,src/main/java/org/junit/runner/manipulation/Filter.java,0
45218,eventgeneratable,filter,src/main/java/org/junit/runner/manipulation/Filter.java,filter,src/main/java/org/junit/runner/manipulation/Filter.java,1
51235,getincomingconnectiontypes,filter,src/main/java/org/junit/runner/manipulation/Filter.java,filter,src/main/java/org/junit/runner/manipulation/Filter.java,0
51236,getincomingconnectiontypes,filter,src/main/java/org/junit/runner/manipulation/Filter.java,filter,src/main/java/org/junit/runner/manipulation/Filter.java,1
51239,stepinit,filter,src/main/java/org/junit/runner/manipulation/Filter.java,filter,src/main/java/org/junit/runner/manipulation/Filter.java,0
51240,stepinit,filter,src/main/java/org/junit/runner/manipulation/Filter.java,filter,src/main/java/org/junit/runner/manipulation/Filter.java,1
51243,processincoming,filter,src/main/java/org/junit/runner/manipulation/Filter.java,filter,src/main/java/org/junit/runner/manipulation/Filter.java,0
51244,processincoming,filter,src/main/java/org/junit/runner/manipulation/Filter.java,filter,src/main/java/org/junit/runner/manipulation/Filter.java,1
51249,processfirstbatch,filter,src/main/java/org/junit/runner/manipulation/Filter.java,filter,src/main/java/org/junit/runner/manipulation/Filter.java,0
51250,processfirstbatch,filter,src/main/java/org/junit/runner/manipulation/Filter.java,filter,src/main/java/org/junit/runner/manipulation/Filter.java,1
51255,processsubsequentbatch,filter,src/main/java/org/junit/runner/manipulation/Filter.java,filter,src/main/java/org/junit/runner/manipulation/Filter.java,0
51256,processsubsequentbatch,filter,src/main/java/org/junit/runner/manipulation/Filter.java,filter,src/main/java/org/junit/runner/manipulation/Filter.java,1
51259,processstreaming,filter,src/main/java/org/junit/runner/manipulation/Filter.java,filter,src/main/java/org/junit/runner/manipulation/Filter.java,0
51260,processstreaming,filter,src/main/java/org/junit/runner/manipulation/Filter.java,filter,src/main/java/org/junit/runner/manipulation/Filter.java,1
51263,checkpendingstreaming,filter,src/main/java/org/junit/runner/manipulation/Filter.java,filter,src/main/java/org/junit/runner/manipulation/Filter.java,0
51264,checkpendingstreaming,filter,src/main/java/org/junit/runner/manipulation/Filter.java,filter,src/main/java/org/junit/runner/manipulation/Filter.java,1
