id,method-name,contain-class-name,contain-class-path,target-class-name,target-class-path,tag
35809,run,testsetup,src/main/java/junit/extensions/TestSetup.java,testresult,src/main/java/junit/framework/TestResult.java,0
35810,run,testresult,src/main/java/junit/framework/TestResult.java,testsetup,src/main/java/junit/extensions/TestSetup.java,1
35811,run,repeatedtest,src/main/java/junit/extensions/RepeatedTest.java,testresult,src/main/java/junit/framework/TestResult.java,0
35812,run,testresult,src/main/java/junit/framework/TestResult.java,repeatedtest,src/main/java/junit/extensions/RepeatedTest.java,1
35813,run,activetestsuite,src/main/java/junit/extensions/ActiveTestSuite.java,testresult,src/main/java/junit/framework/TestResult.java,0
35814,run,testresult,src/main/java/junit/framework/TestResult.java,activetestsuite,src/main/java/junit/extensions/ActiveTestSuite.java,1
35815,runtest,activetestsuite,src/main/java/junit/extensions/ActiveTestSuite.java,testresult,src/main/java/junit/framework/TestResult.java,0
35816,runtest,testresult,src/main/java/junit/framework/TestResult.java,activetestsuite,src/main/java/junit/extensions/ActiveTestSuite.java,1
35817,run,testsuite,src/main/java/junit/framework/TestSuite.java,testresult,src/main/java/junit/framework/TestResult.java,0
35818,run,testresult,src/main/java/junit/framework/TestResult.java,testsuite,src/main/java/junit/framework/TestSuite.java,1
35819,addfailure,testresult,src/main/java/junit/framework/TestResult.java,assertionfailederror,src/main/java/junit/framework/AssertionFailedError.java,0
35820,addfailure,assertionfailederror,src/main/java/junit/framework/AssertionFailedError.java,testresult,src/main/java/junit/framework/TestResult.java,1
35821,run,testresult,src/main/java/junit/framework/TestResult.java,testcase,src/main/java/junit/framework/TestCase.java,0
35822,run,testcase,src/main/java/junit/framework/TestCase.java,testresult,src/main/java/junit/framework/TestResult.java,1
35823,gettestclass,junit4testadapter,src/main/java/junit/framework/JUnit4TestAdapter.java,junit4testadapter,src/main/java/junit/framework/JUnit4TestAdapter.java,0
35824,gettestclass,junit4testadapter,src/main/java/junit/framework/JUnit4TestAdapter.java,junit4testadapter,src/main/java/junit/framework/JUnit4TestAdapter.java,1
35825,getdescription,junit4testadapter,src/main/java/junit/framework/JUnit4TestAdapter.java,junit4testadapter,src/main/java/junit/framework/JUnit4TestAdapter.java,0
35826,getdescription,junit4testadapter,src/main/java/junit/framework/JUnit4TestAdapter.java,junit4testadapter,src/main/java/junit/framework/JUnit4TestAdapter.java,1
35827,getdescription,junit4testadapter,src/main/java/junit/framework/JUnit4TestAdapter.java,runner,src/main/java/org/junit/runner/Runner.java,0
35828,getdescription,runner,src/main/java/org/junit/runner/Runner.java,junit4testadapter,src/main/java/junit/framework/JUnit4TestAdapter.java,1
35829,removeignored,junit4testadapter,src/main/java/junit/framework/JUnit4TestAdapter.java,junit4testadapter,src/main/java/junit/framework/JUnit4TestAdapter.java,0
35830,removeignored,junit4testadapter,src/main/java/junit/framework/JUnit4TestAdapter.java,junit4testadapter,src/main/java/junit/framework/JUnit4TestAdapter.java,1
35831,removeignored,junit4testadapter,src/main/java/junit/framework/JUnit4TestAdapter.java,description,src/main/java/org/junit/runner/Description.java,0
35832,removeignored,description,src/main/java/org/junit/runner/Description.java,junit4testadapter,src/main/java/junit/framework/JUnit4TestAdapter.java,1
35833,removeignored,junit4testadapter,src/main/java/junit/framework/JUnit4TestAdapter.java,runner,src/main/java/org/junit/runner/Runner.java,0
35834,removeignored,runner,src/main/java/org/junit/runner/Runner.java,junit4testadapter,src/main/java/junit/framework/JUnit4TestAdapter.java,1
35835,tostring,junit4testadapter,src/main/java/junit/framework/JUnit4TestAdapter.java,junit4testadapter,src/main/java/junit/framework/JUnit4TestAdapter.java,0
35836,tostring,junit4testadapter,src/main/java/junit/framework/JUnit4TestAdapter.java,junit4testadapter,src/main/java/junit/framework/JUnit4TestAdapter.java,1
35837,tostring,junit4testadapter,src/main/java/junit/framework/JUnit4TestAdapter.java,runner,src/main/java/org/junit/runner/Runner.java,0
35838,tostring,runner,src/main/java/org/junit/runner/Runner.java,junit4testadapter,src/main/java/junit/framework/JUnit4TestAdapter.java,1
35839,astest,junit4testadapter,src/main/java/junit/framework/JUnit4TestAdapter.java,description,src/main/java/org/junit/runner/Description.java,0
35840,astest,description,src/main/java/org/junit/runner/Description.java,junit4testadapter,src/main/java/junit/framework/JUnit4TestAdapter.java,1
35841,createtest,junit4testadapter,src/main/java/junit/framework/JUnit4TestAdapter.java,description,src/main/java/org/junit/runner/Description.java,0
35842,createtest,description,src/main/java/org/junit/runner/Description.java,junit4testadapter,src/main/java/junit/framework/JUnit4TestAdapter.java,1
35843,getnotifier,junit4testadapter,src/main/java/junit/framework/JUnit4TestAdapter.java,testresult,src/main/java/junit/framework/TestResult.java,0
35844,getnotifier,testresult,src/main/java/junit/framework/TestResult.java,junit4testadapter,src/main/java/junit/framework/JUnit4TestAdapter.java,1
35845,getnotifier,junit4testadapter,src/main/java/junit/framework/JUnit4TestAdapter.java,junit4testadapter,src/main/java/junit/framework/JUnit4TestAdapter.java,0
35846,getnotifier,junit4testadapter,src/main/java/junit/framework/JUnit4TestAdapter.java,junit4testadapter,src/main/java/junit/framework/JUnit4TestAdapter.java,1
35847,astestlist,junit4testadapter,src/main/java/junit/framework/JUnit4TestAdapter.java,description,src/main/java/org/junit/runner/Description.java,0
35848,astestlist,description,src/main/java/org/junit/runner/Description.java,junit4testadapter,src/main/java/junit/framework/JUnit4TestAdapter.java,1
35849,run,junit4testcasefacade,src/main/java/junit/framework/JUnit4TestCaseFacade.java,testresult,src/main/java/junit/framework/TestResult.java,0
35850,run,testresult,src/main/java/junit/framework/TestResult.java,junit4testcasefacade,src/main/java/junit/framework/JUnit4TestCaseFacade.java,1
35851,print,resultprinter,src/main/java/junit/textui/ResultPrinter.java,testresult,src/main/java/junit/framework/TestResult.java,0
35852,print,testresult,src/main/java/junit/framework/TestResult.java,resultprinter,src/main/java/junit/textui/ResultPrinter.java,1
35853,printdefect,resultprinter,src/main/java/junit/textui/ResultPrinter.java,testfailure,src/main/java/junit/framework/TestFailure.java,0
35854,printdefect,testfailure,src/main/java/junit/framework/TestFailure.java,resultprinter,src/main/java/junit/textui/ResultPrinter.java,1
35855,printdefectheader,resultprinter,src/main/java/junit/textui/ResultPrinter.java,testfailure,src/main/java/junit/framework/TestFailure.java,0
35856,printdefectheader,testfailure,src/main/java/junit/framework/TestFailure.java,resultprinter,src/main/java/junit/textui/ResultPrinter.java,1
35857,printdefecttrace,resultprinter,src/main/java/junit/textui/ResultPrinter.java,testfailure,src/main/java/junit/framework/TestFailure.java,0
35858,printdefecttrace,testfailure,src/main/java/junit/framework/TestFailure.java,resultprinter,src/main/java/junit/textui/ResultPrinter.java,1
35859,printfooter,resultprinter,src/main/java/junit/textui/ResultPrinter.java,testresult,src/main/java/junit/framework/TestResult.java,0
35860,printfooter,testresult,src/main/java/junit/framework/TestResult.java,resultprinter,src/main/java/junit/textui/ResultPrinter.java,1
35861,addfailure,resultprinter,src/main/java/junit/textui/ResultPrinter.java,assertionfailederror,src/main/java/junit/framework/AssertionFailedError.java,0
35862,addfailure,assertionfailederror,src/main/java/junit/framework/AssertionFailedError.java,resultprinter,src/main/java/junit/textui/ResultPrinter.java,1
35863,run,testrunner,src/main/java/junit/textui/TestRunner.java,resultprinter,src/main/java/junit/textui/ResultPrinter.java,0
35864,run,resultprinter,src/main/java/junit/textui/ResultPrinter.java,testrunner,src/main/java/junit/textui/TestRunner.java,1
35865,runandwait,testrunner,src/main/java/junit/textui/TestRunner.java,resultprinter,src/main/java/junit/textui/ResultPrinter.java,0
35866,runandwait,resultprinter,src/main/java/junit/textui/ResultPrinter.java,testrunner,src/main/java/junit/textui/TestRunner.java,1
35867,testfailed,testrunner,src/main/java/junit/textui/TestRunner.java,resultprinter,src/main/java/junit/textui/ResultPrinter.java,0
35868,testfailed,resultprinter,src/main/java/junit/textui/ResultPrinter.java,testrunner,src/main/java/junit/textui/TestRunner.java,1
35869,dorun,testrunner,src/main/java/junit/textui/TestRunner.java,resultprinter,src/main/java/junit/textui/ResultPrinter.java,0
35870,dorun,resultprinter,src/main/java/junit/textui/ResultPrinter.java,testrunner,src/main/java/junit/textui/TestRunner.java,1
35871,main,testrunner,src/main/java/junit/textui/TestRunner.java,resultprinter,src/main/java/junit/textui/ResultPrinter.java,0
35872,main,resultprinter,src/main/java/junit/textui/ResultPrinter.java,testrunner,src/main/java/junit/textui/TestRunner.java,1
35873,start,testrunner,src/main/java/junit/textui/TestRunner.java,resultprinter,src/main/java/junit/textui/ResultPrinter.java,0
35874,start,resultprinter,src/main/java/junit/textui/ResultPrinter.java,testrunner,src/main/java/junit/textui/TestRunner.java,1
35875,runsinglemethod,testrunner,src/main/java/junit/textui/TestRunner.java,resultprinter,src/main/java/junit/textui/ResultPrinter.java,0
35876,runsinglemethod,resultprinter,src/main/java/junit/textui/ResultPrinter.java,testrunner,src/main/java/junit/textui/TestRunner.java,1
35877,getsuite,parallelcomputer,src/main/java/org/junit/experimental/ParallelComputer.java,runnerbuilder,src/main/java/org/junit/runners/model/RunnerBuilder.java,0
35878,getsuite,runnerbuilder,src/main/java/org/junit/runners/model/RunnerBuilder.java,parallelcomputer,src/main/java/org/junit/experimental/ParallelComputer.java,1
35879,getrunner,parallelcomputer,src/main/java/org/junit/experimental/ParallelComputer.java,runnerbuilder,src/main/java/org/junit/runners/model/RunnerBuilder.java,0
35880,getrunner,runnerbuilder,src/main/java/org/junit/runners/model/RunnerBuilder.java,parallelcomputer,src/main/java/org/junit/experimental/ParallelComputer.java,1
35881,assertnocategorizeddescendentsof,categories,src/main/java/org/junit/experimental/categories/Categories.java,description,src/main/java/org/junit/runner/Description.java,0
35882,assertnocategorizeddescendentsof,description,src/main/java/org/junit/runner/Description.java,categories,src/main/java/org/junit/experimental/categories/Categories.java,1
35883,getfailuretimestamp,maxhistory,src/main/java/org/junit/experimental/max/MaxHistory.java,description,src/main/java/org/junit/runner/Description.java,0
35884,getfailuretimestamp,description,src/main/java/org/junit/runner/Description.java,maxhistory,src/main/java/org/junit/experimental/max/MaxHistory.java,1
35885,puttestfailuretimestamp,maxhistory,src/main/java/org/junit/experimental/max/MaxHistory.java,description,src/main/java/org/junit/runner/Description.java,0
35886,puttestfailuretimestamp,description,src/main/java/org/junit/runner/Description.java,maxhistory,src/main/java/org/junit/experimental/max/MaxHistory.java,1
35887,isnewtest,maxhistory,src/main/java/org/junit/experimental/max/MaxHistory.java,description,src/main/java/org/junit/runner/Description.java,0
35888,isnewtest,description,src/main/java/org/junit/runner/Description.java,maxhistory,src/main/java/org/junit/experimental/max/MaxHistory.java,1
35889,gettestduration,maxhistory,src/main/java/org/junit/experimental/max/MaxHistory.java,description,src/main/java/org/junit/runner/Description.java,0
35890,gettestduration,description,src/main/java/org/junit/runner/Description.java,maxhistory,src/main/java/org/junit/experimental/max/MaxHistory.java,1
35891,puttestduration,maxhistory,src/main/java/org/junit/experimental/max/MaxHistory.java,description,src/main/java/org/junit/runner/Description.java,0
35892,puttestduration,description,src/main/java/org/junit/runner/Description.java,maxhistory,src/main/java/org/junit/experimental/max/MaxHistory.java,1
35893,run,maxcore,src/main/java/org/junit/experimental/max/MaxCore.java,maxhistory,src/main/java/org/junit/experimental/max/MaxHistory.java,0
35894,run,maxhistory,src/main/java/org/junit/experimental/max/MaxHistory.java,maxcore,src/main/java/org/junit/experimental/max/MaxCore.java,1
35895,run,maxcore,src/main/java/org/junit/experimental/max/MaxCore.java,request,src/main/java/org/junit/runner/Request.java,0
35896,run,request,src/main/java/org/junit/runner/Request.java,maxcore,src/main/java/org/junit/experimental/max/MaxCore.java,1
35897,run,maxcore,src/main/java/org/junit/experimental/max/MaxCore.java,junitcore,src/main/java/org/junit/runner/JUnitCore.java,0
35898,run,junitcore,src/main/java/org/junit/runner/JUnitCore.java,maxcore,src/main/java/org/junit/experimental/max/MaxCore.java,1
35899,sortrequest,maxcore,src/main/java/org/junit/experimental/max/MaxCore.java,maxhistory,src/main/java/org/junit/experimental/max/MaxHistory.java,0
35900,sortrequest,maxhistory,src/main/java/org/junit/experimental/max/MaxHistory.java,maxcore,src/main/java/org/junit/experimental/max/MaxCore.java,1
35901,sortrequest,maxcore,src/main/java/org/junit/experimental/max/MaxCore.java,request,src/main/java/org/junit/runner/Request.java,0
35902,sortrequest,request,src/main/java/org/junit/runner/Request.java,maxcore,src/main/java/org/junit/experimental/max/MaxCore.java,1
35903,constructleafrequest,maxcore,src/main/java/org/junit/experimental/max/MaxCore.java,maxhistory,src/main/java/org/junit/experimental/max/MaxHistory.java,0
35904,constructleafrequest,maxhistory,src/main/java/org/junit/experimental/max/MaxHistory.java,maxcore,src/main/java/org/junit/experimental/max/MaxCore.java,1
35905,buildrunner,maxcore,src/main/java/org/junit/experimental/max/MaxCore.java,maxhistory,src/main/java/org/junit/experimental/max/MaxHistory.java,0
35906,buildrunner,maxhistory,src/main/java/org/junit/experimental/max/MaxHistory.java,maxcore,src/main/java/org/junit/experimental/max/MaxCore.java,1
35907,buildrunner,maxcore,src/main/java/org/junit/experimental/max/MaxCore.java,description,src/main/java/org/junit/runner/Description.java,0
35908,buildrunner,description,src/main/java/org/junit/runner/Description.java,maxcore,src/main/java/org/junit/experimental/max/MaxCore.java,1
35909,sortedleavesfortest,maxcore,src/main/java/org/junit/experimental/max/MaxCore.java,request,src/main/java/org/junit/runner/Request.java,0
35910,sortedleavesfortest,request,src/main/java/org/junit/runner/Request.java,maxcore,src/main/java/org/junit/experimental/max/MaxCore.java,1
35911,findleaves,maxcore,src/main/java/org/junit/experimental/max/MaxCore.java,maxhistory,src/main/java/org/junit/experimental/max/MaxHistory.java,0
35912,findleaves,maxhistory,src/main/java/org/junit/experimental/max/MaxHistory.java,maxcore,src/main/java/org/junit/experimental/max/MaxCore.java,1
35913,findleaves,maxcore,src/main/java/org/junit/experimental/max/MaxCore.java,request,src/main/java/org/junit/runner/Request.java,0
35914,findleaves,request,src/main/java/org/junit/runner/Request.java,maxcore,src/main/java/org/junit/experimental/max/MaxCore.java,1
35915,getvaluesources,allmemberssupplier,src/main/java/org/junit/experimental/theories/internal/AllMembersSupplier.java,parametersignature,src/main/java/org/junit/experimental/theories/ParameterSignature.java,0
35916,getvaluesources,parametersignature,src/main/java/org/junit/experimental/theories/ParameterSignature.java,allmemberssupplier,src/main/java/org/junit/experimental/theories/internal/AllMembersSupplier.java,1
35917,getvaluesources,allmemberssupplier,src/main/java/org/junit/experimental/theories/internal/AllMembersSupplier.java,testclass,src/main/java/org/junit/internal/runners/TestClass.java,0
35918,getvaluesources,testclass,src/main/java/org/junit/internal/runners/TestClass.java,allmemberssupplier,src/main/java/org/junit/experimental/theories/internal/AllMembersSupplier.java,1
35919,addmultipointmethods,allmemberssupplier,src/main/java/org/junit/experimental/theories/internal/AllMembersSupplier.java,testclass,src/main/java/org/junit/internal/runners/TestClass.java,0
35920,addmultipointmethods,testclass,src/main/java/org/junit/internal/runners/TestClass.java,allmemberssupplier,src/main/java/org/junit/experimental/theories/internal/AllMembersSupplier.java,1
35921,addfields,allmemberssupplier,src/main/java/org/junit/experimental/theories/internal/AllMembersSupplier.java,parametersignature,src/main/java/org/junit/experimental/theories/ParameterSignature.java,0
35922,addfields,parametersignature,src/main/java/org/junit/experimental/theories/ParameterSignature.java,allmemberssupplier,src/main/java/org/junit/experimental/theories/internal/AllMembersSupplier.java,1
35923,addfields,allmemberssupplier,src/main/java/org/junit/experimental/theories/internal/AllMembersSupplier.java,testclass,src/main/java/org/junit/internal/runners/TestClass.java,0
35924,addfields,testclass,src/main/java/org/junit/internal/runners/TestClass.java,allmemberssupplier,src/main/java/org/junit/experimental/theories/internal/AllMembersSupplier.java,1
35925,potentialsfornextunassigned,assignments,src/main/java/org/junit/experimental/theories/internal/Assignments.java,testclass,src/main/java/org/junit/internal/runners/TestClass.java,0
35926,potentialsfornextunassigned,testclass,src/main/java/org/junit/internal/runners/TestClass.java,assignments,src/main/java/org/junit/experimental/theories/internal/Assignments.java,1
35927,getsupplier,assignments,src/main/java/org/junit/experimental/theories/internal/Assignments.java,parametersignature,src/main/java/org/junit/experimental/theories/ParameterSignature.java,0
35928,getsupplier,parametersignature,src/main/java/org/junit/experimental/theories/ParameterSignature.java,assignments,src/main/java/org/junit/experimental/theories/internal/Assignments.java,1
35929,getsupplier,assignments,src/main/java/org/junit/experimental/theories/internal/Assignments.java,testclass,src/main/java/org/junit/internal/runners/TestClass.java,0
35930,getsupplier,testclass,src/main/java/org/junit/internal/runners/TestClass.java,assignments,src/main/java/org/junit/experimental/theories/internal/Assignments.java,1
35931,testrunfinished,textlistener,src/main/java/org/junit/internal/TextListener.java,result,src/main/java/org/junit/runner/Result.java,0
35932,testrunfinished,result,src/main/java/org/junit/runner/Result.java,textlistener,src/main/java/org/junit/internal/TextListener.java,1
35933,teststarted,textlistener,src/main/java/org/junit/internal/TextListener.java,description,src/main/java/org/junit/runner/Description.java,0
35934,teststarted,description,src/main/java/org/junit/runner/Description.java,textlistener,src/main/java/org/junit/internal/TextListener.java,1
35935,testfailure,textlistener,src/main/java/org/junit/internal/TextListener.java,failure,src/main/java/org/junit/runner/notification/Failure.java,0
35936,testfailure,failure,src/main/java/org/junit/runner/notification/Failure.java,textlistener,src/main/java/org/junit/internal/TextListener.java,1
35937,testignored,textlistener,src/main/java/org/junit/internal/TextListener.java,description,src/main/java/org/junit/runner/Description.java,0
35938,testignored,description,src/main/java/org/junit/runner/Description.java,textlistener,src/main/java/org/junit/internal/TextListener.java,1
35939,printfailures,textlistener,src/main/java/org/junit/internal/TextListener.java,result,src/main/java/org/junit/runner/Result.java,0
35940,printfailures,result,src/main/java/org/junit/runner/Result.java,textlistener,src/main/java/org/junit/internal/TextListener.java,1
35941,printfailure,textlistener,src/main/java/org/junit/internal/TextListener.java,failure,src/main/java/org/junit/runner/notification/Failure.java,0
35942,printfailure,failure,src/main/java/org/junit/runner/notification/Failure.java,textlistener,src/main/java/org/junit/internal/TextListener.java,1
35943,printfooter,textlistener,src/main/java/org/junit/internal/TextListener.java,result,src/main/java/org/junit/runner/Result.java,0
35944,printfooter,result,src/main/java/org/junit/runner/Result.java,textlistener,src/main/java/org/junit/internal/TextListener.java,1
35945,runnerforclass,annotatedbuilder,src/main/java/org/junit/internal/builders/AnnotatedBuilder.java,runnerbuilder,src/main/java/org/junit/runners/model/RunnerBuilder.java,0
35946,runnerforclass,runnerbuilder,src/main/java/org/junit/runners/model/RunnerBuilder.java,annotatedbuilder,src/main/java/org/junit/internal/builders/AnnotatedBuilder.java,1
35947,getrunner,sortingrequest,src/main/java/org/junit/internal/requests/SortingRequest.java,request,src/main/java/org/junit/runner/Request.java,0
35948,getrunner,request,src/main/java/org/junit/runner/Request.java,sortingrequest,src/main/java/org/junit/internal/requests/SortingRequest.java,1
35949,run,errorreportingrunner,src/main/java/org/junit/internal/runners/ErrorReportingRunner.java,runnotifier,src/main/java/org/junit/runner/notification/RunNotifier.java,0
35950,run,runnotifier,src/main/java/org/junit/runner/notification/RunNotifier.java,errorreportingrunner,src/main/java/org/junit/internal/runners/ErrorReportingRunner.java,1
35951,runcause,errorreportingrunner,src/main/java/org/junit/internal/runners/ErrorReportingRunner.java,runnotifier,src/main/java/org/junit/runner/notification/RunNotifier.java,0
35952,runcause,runnotifier,src/main/java/org/junit/runner/notification/RunNotifier.java,errorreportingrunner,src/main/java/org/junit/internal/runners/ErrorReportingRunner.java,1
35953,rununprotected,classroadie,src/main/java/org/junit/internal/runners/ClassRoadie.java,testclass,src/main/java/org/junit/internal/runners/TestClass.java,0
35954,rununprotected,testclass,src/main/java/org/junit/internal/runners/TestClass.java,classroadie,src/main/java/org/junit/internal/runners/ClassRoadie.java,1
35955,rununprotected,classroadie,src/main/java/org/junit/internal/runners/ClassRoadie.java,description,src/main/java/org/junit/runner/Description.java,0
35956,rununprotected,description,src/main/java/org/junit/runner/Description.java,classroadie,src/main/java/org/junit/internal/runners/ClassRoadie.java,1
35957,rununprotected,classroadie,src/main/java/org/junit/internal/runners/ClassRoadie.java,runnotifier,src/main/java/org/junit/runner/notification/RunNotifier.java,0
35958,rununprotected,runnotifier,src/main/java/org/junit/runner/notification/RunNotifier.java,classroadie,src/main/java/org/junit/internal/runners/ClassRoadie.java,1
35959,runprotected,classroadie,src/main/java/org/junit/internal/runners/ClassRoadie.java,testclass,src/main/java/org/junit/internal/runners/TestClass.java,0
35960,runprotected,testclass,src/main/java/org/junit/internal/runners/TestClass.java,classroadie,src/main/java/org/junit/internal/runners/ClassRoadie.java,1
35961,runprotected,classroadie,src/main/java/org/junit/internal/runners/ClassRoadie.java,description,src/main/java/org/junit/runner/Description.java,0
35962,runprotected,description,src/main/java/org/junit/runner/Description.java,classroadie,src/main/java/org/junit/internal/runners/ClassRoadie.java,1
35963,runprotected,classroadie,src/main/java/org/junit/internal/runners/ClassRoadie.java,runnotifier,src/main/java/org/junit/runner/notification/RunNotifier.java,0
35964,runprotected,runnotifier,src/main/java/org/junit/runner/notification/RunNotifier.java,classroadie,src/main/java/org/junit/internal/runners/ClassRoadie.java,1
35965,runafters,classroadie,src/main/java/org/junit/internal/runners/ClassRoadie.java,description,src/main/java/org/junit/runner/Description.java,0
35966,runafters,description,src/main/java/org/junit/runner/Description.java,classroadie,src/main/java/org/junit/internal/runners/ClassRoadie.java,1
35967,run,methodroadie,src/main/java/org/junit/internal/runners/MethodRoadie.java,testmethod,src/main/java/org/junit/internal/runners/TestMethod.java,0
35968,run,testmethod,src/main/java/org/junit/internal/runners/TestMethod.java,methodroadie,src/main/java/org/junit/internal/runners/MethodRoadie.java,1
35969,run,methodroadie,src/main/java/org/junit/internal/runners/MethodRoadie.java,description,src/main/java/org/junit/runner/Description.java,0
35970,run,description,src/main/java/org/junit/runner/Description.java,methodroadie,src/main/java/org/junit/internal/runners/MethodRoadie.java,1
35971,run,methodroadie,src/main/java/org/junit/internal/runners/MethodRoadie.java,runnotifier,src/main/java/org/junit/runner/notification/RunNotifier.java,0
35972,run,runnotifier,src/main/java/org/junit/runner/notification/RunNotifier.java,methodroadie,src/main/java/org/junit/internal/runners/MethodRoadie.java,1
35973,runbeforesthentestthen,methodroadie,src/main/java/org/junit/internal/runners/MethodRoadie.java,testmethod,src/main/java/org/junit/internal/runners/TestMethod.java,0
35974,runbeforesthentestthen,testmethod,src/main/java/org/junit/internal/runners/TestMethod.java,methodroadie,src/main/java/org/junit/internal/runners/MethodRoadie.java,1
35975,runbeforesthentestthen,methodroadie,src/main/java/org/junit/internal/runners/MethodRoadie.java,description,src/main/java/org/junit/runner/Description.java,0
35976,runbeforesthentestthen,description,src/main/java/org/junit/runner/Description.java,methodroadie,src/main/java/org/junit/internal/runners/MethodRoadie.java,1
35977,runbeforesthentestthen,methodroadie,src/main/java/org/junit/internal/runners/MethodRoadie.java,runnotifier,src/main/java/org/junit/runner/notification/RunNotifier.java,0
35978,runbeforesthentestthen,runnotifier,src/main/java/org/junit/runner/notification/RunNotifier.java,methodroadie,src/main/java/org/junit/internal/runners/MethodRoadie.java,1
35979,runtestmethod,methodroadie,src/main/java/org/junit/internal/runners/MethodRoadie.java,testmethod,src/main/java/org/junit/internal/runners/TestMethod.java,0
35980,runtestmethod,testmethod,src/main/java/org/junit/internal/runners/TestMethod.java,methodroadie,src/main/java/org/junit/internal/runners/MethodRoadie.java,1
35981,runtestmethod,methodroadie,src/main/java/org/junit/internal/runners/MethodRoadie.java,description,src/main/java/org/junit/runner/Description.java,0
35982,runtestmethod,description,src/main/java/org/junit/runner/Description.java,methodroadie,src/main/java/org/junit/internal/runners/MethodRoadie.java,1
35983,runtestmethod,methodroadie,src/main/java/org/junit/internal/runners/MethodRoadie.java,runnotifier,src/main/java/org/junit/runner/notification/RunNotifier.java,0
35984,runtestmethod,runnotifier,src/main/java/org/junit/runner/notification/RunNotifier.java,methodroadie,src/main/java/org/junit/internal/runners/MethodRoadie.java,1
35985,runbefores,methodroadie,src/main/java/org/junit/internal/runners/MethodRoadie.java,testmethod,src/main/java/org/junit/internal/runners/TestMethod.java,0
35986,runbefores,testmethod,src/main/java/org/junit/internal/runners/TestMethod.java,methodroadie,src/main/java/org/junit/internal/runners/MethodRoadie.java,1
35987,runbefores,methodroadie,src/main/java/org/junit/internal/runners/MethodRoadie.java,description,src/main/java/org/junit/runner/Description.java,0
35988,runbefores,description,src/main/java/org/junit/runner/Description.java,methodroadie,src/main/java/org/junit/internal/runners/MethodRoadie.java,1
35989,runbefores,methodroadie,src/main/java/org/junit/internal/runners/MethodRoadie.java,runnotifier,src/main/java/org/junit/runner/notification/RunNotifier.java,0
35990,runbefores,runnotifier,src/main/java/org/junit/runner/notification/RunNotifier.java,methodroadie,src/main/java/org/junit/internal/runners/MethodRoadie.java,1
35991,runafters,methodroadie,src/main/java/org/junit/internal/runners/MethodRoadie.java,testmethod,src/main/java/org/junit/internal/runners/TestMethod.java,0
35992,runafters,testmethod,src/main/java/org/junit/internal/runners/TestMethod.java,methodroadie,src/main/java/org/junit/internal/runners/MethodRoadie.java,1
35993,runafters,methodroadie,src/main/java/org/junit/internal/runners/MethodRoadie.java,description,src/main/java/org/junit/runner/Description.java,0
35994,runafters,description,src/main/java/org/junit/runner/Description.java,methodroadie,src/main/java/org/junit/internal/runners/MethodRoadie.java,1
35995,runafters,methodroadie,src/main/java/org/junit/internal/runners/MethodRoadie.java,runnotifier,src/main/java/org/junit/runner/notification/RunNotifier.java,0
35996,runafters,runnotifier,src/main/java/org/junit/runner/notification/RunNotifier.java,methodroadie,src/main/java/org/junit/internal/runners/MethodRoadie.java,1
35997,addfailure,methodroadie,src/main/java/org/junit/internal/runners/MethodRoadie.java,runnotifier,src/main/java/org/junit/runner/notification/RunNotifier.java,0
35998,addfailure,runnotifier,src/main/java/org/junit/runner/notification/RunNotifier.java,methodroadie,src/main/java/org/junit/internal/runners/MethodRoadie.java,1
35999,run,junit4classrunner,src/main/java/org/junit/internal/runners/JUnit4ClassRunner.java,testclass,src/main/java/org/junit/internal/runners/TestClass.java,0
36000,run,testclass,src/main/java/org/junit/internal/runners/TestClass.java,junit4classrunner,src/main/java/org/junit/internal/runners/JUnit4ClassRunner.java,1
36001,run,junit4classrunner,src/main/java/org/junit/internal/runners/JUnit4ClassRunner.java,runnotifier,src/main/java/org/junit/runner/notification/RunNotifier.java,0
36002,run,runnotifier,src/main/java/org/junit/runner/notification/RunNotifier.java,junit4classrunner,src/main/java/org/junit/internal/runners/JUnit4ClassRunner.java,1
36003,runmethods,junit4classrunner,src/main/java/org/junit/internal/runners/JUnit4ClassRunner.java,testclass,src/main/java/org/junit/internal/runners/TestClass.java,0
36004,runmethods,testclass,src/main/java/org/junit/internal/runners/TestClass.java,junit4classrunner,src/main/java/org/junit/internal/runners/JUnit4ClassRunner.java,1
36005,runmethods,junit4classrunner,src/main/java/org/junit/internal/runners/JUnit4ClassRunner.java,runnotifier,src/main/java/org/junit/runner/notification/RunNotifier.java,0
36006,runmethods,runnotifier,src/main/java/org/junit/runner/notification/RunNotifier.java,junit4classrunner,src/main/java/org/junit/internal/runners/JUnit4ClassRunner.java,1
36007,getdescription,junit4classrunner,src/main/java/org/junit/internal/runners/JUnit4ClassRunner.java,testclass,src/main/java/org/junit/internal/runners/TestClass.java,0
36008,getdescription,testclass,src/main/java/org/junit/internal/runners/TestClass.java,junit4classrunner,src/main/java/org/junit/internal/runners/JUnit4ClassRunner.java,1
36009,invoketestmethod,junit4classrunner,src/main/java/org/junit/internal/runners/JUnit4ClassRunner.java,testclass,src/main/java/org/junit/internal/runners/TestClass.java,0
36010,invoketestmethod,testclass,src/main/java/org/junit/internal/runners/TestClass.java,junit4classrunner,src/main/java/org/junit/internal/runners/JUnit4ClassRunner.java,1
36011,invoketestmethod,junit4classrunner,src/main/java/org/junit/internal/runners/JUnit4ClassRunner.java,runnotifier,src/main/java/org/junit/runner/notification/RunNotifier.java,0
36012,invoketestmethod,runnotifier,src/main/java/org/junit/runner/notification/RunNotifier.java,junit4classrunner,src/main/java/org/junit/internal/runners/JUnit4ClassRunner.java,1
36013,methoddescription,junit4classrunner,src/main/java/org/junit/internal/runners/JUnit4ClassRunner.java,testclass,src/main/java/org/junit/internal/runners/TestClass.java,0
36014,methoddescription,testclass,src/main/java/org/junit/internal/runners/TestClass.java,junit4classrunner,src/main/java/org/junit/internal/runners/JUnit4ClassRunner.java,1
36015,filter,junit4classrunner,src/main/java/org/junit/internal/runners/JUnit4ClassRunner.java,testclass,src/main/java/org/junit/internal/runners/TestClass.java,0
36016,filter,testclass,src/main/java/org/junit/internal/runners/TestClass.java,junit4classrunner,src/main/java/org/junit/internal/runners/JUnit4ClassRunner.java,1
36017,filter,junit4classrunner,src/main/java/org/junit/internal/runners/JUnit4ClassRunner.java,filter,src/main/java/org/junit/runner/manipulation/Filter.java,0
36018,filter,filter,src/main/java/org/junit/runner/manipulation/Filter.java,junit4classrunner,src/main/java/org/junit/internal/runners/JUnit4ClassRunner.java,1
36019,sort,junit4classrunner,src/main/java/org/junit/internal/runners/JUnit4ClassRunner.java,testclass,src/main/java/org/junit/internal/runners/TestClass.java,0
36020,sort,testclass,src/main/java/org/junit/internal/runners/TestClass.java,junit4classrunner,src/main/java/org/junit/internal/runners/JUnit4ClassRunner.java,1
36021,sort,junit4classrunner,src/main/java/org/junit/internal/runners/JUnit4ClassRunner.java,sorter,src/main/java/org/junit/runner/manipulation/Sorter.java,0
36022,sort,sorter,src/main/java/org/junit/runner/manipulation/Sorter.java,junit4classrunner,src/main/java/org/junit/internal/runners/JUnit4ClassRunner.java,1
36023,validateinstancemethods,methodvalidator,src/main/java/org/junit/internal/runners/MethodValidator.java,testclass,src/main/java/org/junit/internal/runners/TestClass.java,0
36024,validateinstancemethods,testclass,src/main/java/org/junit/internal/runners/TestClass.java,methodvalidator,src/main/java/org/junit/internal/runners/MethodValidator.java,1
36025,validatestaticmethods,methodvalidator,src/main/java/org/junit/internal/runners/MethodValidator.java,testclass,src/main/java/org/junit/internal/runners/TestClass.java,0
36026,validatestaticmethods,testclass,src/main/java/org/junit/internal/runners/TestClass.java,methodvalidator,src/main/java/org/junit/internal/runners/MethodValidator.java,1
36027,validatemethodsfordefaultrunner,methodvalidator,src/main/java/org/junit/internal/runners/MethodValidator.java,testclass,src/main/java/org/junit/internal/runners/TestClass.java,0
36028,validatemethodsfordefaultrunner,testclass,src/main/java/org/junit/internal/runners/TestClass.java,methodvalidator,src/main/java/org/junit/internal/runners/MethodValidator.java,1
36029,assertvalid,methodvalidator,src/main/java/org/junit/internal/runners/MethodValidator.java,testclass,src/main/java/org/junit/internal/runners/TestClass.java,0
36030,assertvalid,testclass,src/main/java/org/junit/internal/runners/TestClass.java,methodvalidator,src/main/java/org/junit/internal/runners/MethodValidator.java,1
36031,validatenoargconstructor,methodvalidator,src/main/java/org/junit/internal/runners/MethodValidator.java,testclass,src/main/java/org/junit/internal/runners/TestClass.java,0
36032,validatenoargconstructor,testclass,src/main/java/org/junit/internal/runners/TestClass.java,methodvalidator,src/main/java/org/junit/internal/runners/MethodValidator.java,1
36033,validatetestmethods,methodvalidator,src/main/java/org/junit/internal/runners/MethodValidator.java,testclass,src/main/java/org/junit/internal/runners/TestClass.java,0
36034,validatetestmethods,testclass,src/main/java/org/junit/internal/runners/TestClass.java,methodvalidator,src/main/java/org/junit/internal/runners/MethodValidator.java,1
36035,run,junit38classrunner,src/main/java/org/junit/internal/runners/JUnit38ClassRunner.java,runnotifier,src/main/java/org/junit/runner/notification/RunNotifier.java,0
36036,run,runnotifier,src/main/java/org/junit/runner/notification/RunNotifier.java,junit38classrunner,src/main/java/org/junit/internal/runners/JUnit38ClassRunner.java,1
36037,isignored,testmethod,src/main/java/org/junit/internal/runners/TestMethod.java,testclass,src/main/java/org/junit/internal/runners/TestClass.java,0
36038,isignored,testclass,src/main/java/org/junit/internal/runners/TestClass.java,testmethod,src/main/java/org/junit/internal/runners/TestMethod.java,1
36039,gettimeout,testmethod,src/main/java/org/junit/internal/runners/TestMethod.java,testclass,src/main/java/org/junit/internal/runners/TestClass.java,0
36040,gettimeout,testclass,src/main/java/org/junit/internal/runners/TestClass.java,testmethod,src/main/java/org/junit/internal/runners/TestMethod.java,1
36041,getexpectedexception,testmethod,src/main/java/org/junit/internal/runners/TestMethod.java,testclass,src/main/java/org/junit/internal/runners/TestClass.java,0
36042,getexpectedexception,testclass,src/main/java/org/junit/internal/runners/TestClass.java,testmethod,src/main/java/org/junit/internal/runners/TestMethod.java,1
36043,isunexpected,testmethod,src/main/java/org/junit/internal/runners/TestMethod.java,testclass,src/main/java/org/junit/internal/runners/TestClass.java,0
36044,isunexpected,testclass,src/main/java/org/junit/internal/runners/TestClass.java,testmethod,src/main/java/org/junit/internal/runners/TestMethod.java,1
36045,expectsexception,testmethod,src/main/java/org/junit/internal/runners/TestMethod.java,testclass,src/main/java/org/junit/internal/runners/TestClass.java,0
36046,expectsexception,testclass,src/main/java/org/junit/internal/runners/TestClass.java,testmethod,src/main/java/org/junit/internal/runners/TestMethod.java,1
36047,invoke,testmethod,src/main/java/org/junit/internal/runners/TestMethod.java,testclass,src/main/java/org/junit/internal/runners/TestClass.java,0
36048,invoke,testclass,src/main/java/org/junit/internal/runners/TestClass.java,testmethod,src/main/java/org/junit/internal/runners/TestMethod.java,1
36049,addfailure,eachtestnotifier,src/main/java/org/junit/internal/runners/model/EachTestNotifier.java,description,src/main/java/org/junit/runner/Description.java,0
36050,addfailure,description,src/main/java/org/junit/runner/Description.java,eachtestnotifier,src/main/java/org/junit/internal/runners/model/EachTestNotifier.java,1
36051,addfailure,eachtestnotifier,src/main/java/org/junit/internal/runners/model/EachTestNotifier.java,runnotifier,src/main/java/org/junit/runner/notification/RunNotifier.java,0
36052,addfailure,runnotifier,src/main/java/org/junit/runner/notification/RunNotifier.java,eachtestnotifier,src/main/java/org/junit/internal/runners/model/EachTestNotifier.java,1
36053,addmultiplefailureexception,eachtestnotifier,src/main/java/org/junit/internal/runners/model/EachTestNotifier.java,description,src/main/java/org/junit/runner/Description.java,0
36054,addmultiplefailureexception,description,src/main/java/org/junit/runner/Description.java,eachtestnotifier,src/main/java/org/junit/internal/runners/model/EachTestNotifier.java,1
36055,addmultiplefailureexception,eachtestnotifier,src/main/java/org/junit/internal/runners/model/EachTestNotifier.java,runnotifier,src/main/java/org/junit/runner/notification/RunNotifier.java,0
36056,addmultiplefailureexception,runnotifier,src/main/java/org/junit/runner/notification/RunNotifier.java,eachtestnotifier,src/main/java/org/junit/internal/runners/model/EachTestNotifier.java,1
36057,addmultiplefailureexception,eachtestnotifier,src/main/java/org/junit/internal/runners/model/EachTestNotifier.java,multiplefailureexception,src/main/java/org/junit/internal/runners/model/MultipleFailureException.java,0
36058,addmultiplefailureexception,multiplefailureexception,src/main/java/org/junit/internal/runners/model/MultipleFailureException.java,eachtestnotifier,src/main/java/org/junit/internal/runners/model/EachTestNotifier.java,1
36059,firetestfinished,eachtestnotifier,src/main/java/org/junit/internal/runners/model/EachTestNotifier.java,runnotifier,src/main/java/org/junit/runner/notification/RunNotifier.java,0
36060,firetestfinished,runnotifier,src/main/java/org/junit/runner/notification/RunNotifier.java,eachtestnotifier,src/main/java/org/junit/internal/runners/model/EachTestNotifier.java,1
36061,evaluate,failontimeout,src/main/java/org/junit/internal/runners/statements/FailOnTimeout.java,statement,src/main/java/org/junit/runners/model/Statement.java,0
36062,evaluate,statement,src/main/java/org/junit/runners/model/Statement.java,failontimeout,src/main/java/org/junit/internal/runners/statements/FailOnTimeout.java,1
36063,evaluatestatement,failontimeout,src/main/java/org/junit/internal/runners/statements/FailOnTimeout.java,statement,src/main/java/org/junit/runners/model/Statement.java,0
36064,evaluatestatement,statement,src/main/java/org/junit/runners/model/Statement.java,failontimeout,src/main/java/org/junit/internal/runners/statements/FailOnTimeout.java,1
36065,throwexceptionforunfinishedthread,failontimeout,src/main/java/org/junit/internal/runners/statements/FailOnTimeout.java,statement,src/main/java/org/junit/runners/model/Statement.java,0
36066,throwexceptionforunfinishedthread,statement,src/main/java/org/junit/runners/model/Statement.java,failontimeout,src/main/java/org/junit/internal/runners/statements/FailOnTimeout.java,1
36067,throwtimeoutexception,failontimeout,src/main/java/org/junit/internal/runners/statements/FailOnTimeout.java,statement,src/main/java/org/junit/runners/model/Statement.java,0
36068,throwtimeoutexception,statement,src/main/java/org/junit/runners/model/Statement.java,failontimeout,src/main/java/org/junit/internal/runners/statements/FailOnTimeout.java,1
36069,evaluate,expectexception,src/main/java/org/junit/internal/runners/statements/ExpectException.java,statement,src/main/java/org/junit/runners/model/Statement.java,0
36070,evaluate,statement,src/main/java/org/junit/runners/model/Statement.java,expectexception,src/main/java/org/junit/internal/runners/statements/ExpectException.java,1
36071,evaluate,runafters,src/main/java/org/junit/internal/runners/statements/RunAfters.java,statement,src/main/java/org/junit/runners/model/Statement.java,0
36072,evaluate,statement,src/main/java/org/junit/runners/model/Statement.java,runafters,src/main/java/org/junit/internal/runners/statements/RunAfters.java,1
36073,evaluate,runbefores,src/main/java/org/junit/internal/runners/statements/RunBefores.java,statement,src/main/java/org/junit/runners/model/Statement.java,0
36074,evaluate,statement,src/main/java/org/junit/runners/model/Statement.java,runbefores,src/main/java/org/junit/internal/runners/statements/RunBefores.java,1
36075,apply,timeout,src/main/java/org/junit/rules/Timeout.java,description,src/main/java/org/junit/runner/Description.java,0
36076,apply,description,src/main/java/org/junit/runner/Description.java,timeout,src/main/java/org/junit/rules/Timeout.java,1
36077,apply,timeout,src/main/java/org/junit/rules/Timeout.java,statement,src/main/java/org/junit/runners/model/Statement.java,0
36078,apply,statement,src/main/java/org/junit/runners/model/Statement.java,timeout,src/main/java/org/junit/rules/Timeout.java,1
36079,starting,testname,src/main/java/org/junit/rules/TestName.java,description,src/main/java/org/junit/runner/Description.java,0
36080,starting,description,src/main/java/org/junit/runner/Description.java,testname,src/main/java/org/junit/rules/TestName.java,1
36081,apply,testwatcher,src/main/java/org/junit/rules/TestWatcher.java,description,src/main/java/org/junit/runner/Description.java,0
36082,apply,description,src/main/java/org/junit/runner/Description.java,testwatcher,src/main/java/org/junit/rules/TestWatcher.java,1
36083,apply,testwatcher,src/main/java/org/junit/rules/TestWatcher.java,statement,src/main/java/org/junit/runners/model/Statement.java,0
36084,apply,statement,src/main/java/org/junit/runners/model/Statement.java,testwatcher,src/main/java/org/junit/rules/TestWatcher.java,1
36085,failed,testwatcher,src/main/java/org/junit/rules/TestWatcher.java,description,src/main/java/org/junit/runner/Description.java,0
36086,failed,description,src/main/java/org/junit/runner/Description.java,testwatcher,src/main/java/org/junit/rules/TestWatcher.java,1
36087,apply,testwatchman,src/main/java/org/junit/rules/TestWatchman.java,statement,src/main/java/org/junit/runners/model/Statement.java,0
36088,apply,statement,src/main/java/org/junit/runners/model/Statement.java,testwatchman,src/main/java/org/junit/rules/TestWatchman.java,1
36089,apply,testwatchman,src/main/java/org/junit/rules/TestWatchman.java,frameworkmethod,src/main/java/org/junit/runners/model/FrameworkMethod.java,0
36090,apply,frameworkmethod,src/main/java/org/junit/runners/model/FrameworkMethod.java,testwatchman,src/main/java/org/junit/rules/TestWatchman.java,1
36091,apply,externalresource,src/main/java/org/junit/rules/ExternalResource.java,description,src/main/java/org/junit/runner/Description.java,0
36092,apply,description,src/main/java/org/junit/runner/Description.java,externalresource,src/main/java/org/junit/rules/ExternalResource.java,1
36093,statement,externalresource,src/main/java/org/junit/rules/ExternalResource.java,statement,src/main/java/org/junit/runners/model/Statement.java,0
36094,statement,statement,src/main/java/org/junit/runners/model/Statement.java,externalresource,src/main/java/org/junit/rules/ExternalResource.java,1
36095,apply,verifier,src/main/java/org/junit/rules/Verifier.java,description,src/main/java/org/junit/runner/Description.java,0
36096,apply,description,src/main/java/org/junit/runner/Description.java,verifier,src/main/java/org/junit/rules/Verifier.java,1
36097,apply,verifier,src/main/java/org/junit/rules/Verifier.java,statement,src/main/java/org/junit/runners/model/Statement.java,0
36098,apply,statement,src/main/java/org/junit/runners/model/Statement.java,verifier,src/main/java/org/junit/rules/Verifier.java,1
36099,runclasses,junitcore,src/main/java/org/junit/runner/JUnitCore.java,runnotifier,src/main/java/org/junit/runner/notification/RunNotifier.java,0
36100,runclasses,runnotifier,src/main/java/org/junit/runner/notification/RunNotifier.java,junitcore,src/main/java/org/junit/runner/JUnitCore.java,1
36101,getversion,junitcore,src/main/java/org/junit/runner/JUnitCore.java,runnotifier,src/main/java/org/junit/runner/notification/RunNotifier.java,0
36102,getversion,runnotifier,src/main/java/org/junit/runner/notification/RunNotifier.java,junitcore,src/main/java/org/junit/runner/JUnitCore.java,1
36103,run,junitcore,src/main/java/org/junit/runner/JUnitCore.java,runnotifier,src/main/java/org/junit/runner/notification/RunNotifier.java,0
36104,run,runnotifier,src/main/java/org/junit/runner/notification/RunNotifier.java,junitcore,src/main/java/org/junit/runner/JUnitCore.java,1
36105,run,junitcore,src/main/java/org/junit/runner/JUnitCore.java,runnotifier,src/main/java/org/junit/runner/notification/RunNotifier.java,0
36106,run,runnotifier,src/main/java/org/junit/runner/notification/RunNotifier.java,junitcore,src/main/java/org/junit/runner/JUnitCore.java,1
36107,compare,sorter,src/main/java/org/junit/runner/manipulation/Sorter.java,description,src/main/java/org/junit/runner/Description.java,0
36108,compare,description,src/main/java/org/junit/runner/Description.java,sorter,src/main/java/org/junit/runner/manipulation/Sorter.java,1
36109,tostring,failure,src/main/java/org/junit/runner/notification/Failure.java,description,src/main/java/org/junit/runner/Description.java,0
36110,tostring,description,src/main/java/org/junit/runner/Description.java,failure,src/main/java/org/junit/runner/notification/Failure.java,1
36111,gettrace,failure,src/main/java/org/junit/runner/notification/Failure.java,description,src/main/java/org/junit/runner/Description.java,0
36112,gettrace,description,src/main/java/org/junit/runner/Description.java,failure,src/main/java/org/junit/runner/notification/Failure.java,1
36113,getmessage,failure,src/main/java/org/junit/runner/notification/Failure.java,description,src/main/java/org/junit/runner/Description.java,0
36114,getmessage,description,src/main/java/org/junit/runner/Description.java,failure,src/main/java/org/junit/runner/notification/Failure.java,1
36115,removelistener,runnotifier,src/main/java/org/junit/runner/notification/RunNotifier.java,runlistener,src/main/java/org/junit/runner/notification/RunListener.java,0
36116,removelistener,runlistener,src/main/java/org/junit/runner/notification/RunListener.java,runnotifier,src/main/java/org/junit/runner/notification/RunNotifier.java,1
36117,fireteststarted,runnotifier,src/main/java/org/junit/runner/notification/RunNotifier.java,description,src/main/java/org/junit/runner/Description.java,0
36118,fireteststarted,description,src/main/java/org/junit/runner/Description.java,runnotifier,src/main/java/org/junit/runner/notification/RunNotifier.java,1
36119,runchild,blockjunit4classrunner,src/main/java/org/junit/runners/BlockJUnit4ClassRunner.java,runnotifier,src/main/java/org/junit/runner/notification/RunNotifier.java,0
36120,runchild,runnotifier,src/main/java/org/junit/runner/notification/RunNotifier.java,blockjunit4classrunner,src/main/java/org/junit/runners/BlockJUnit4ClassRunner.java,1
36121,runchild,blockjunit4classrunner,src/main/java/org/junit/runners/BlockJUnit4ClassRunner.java,frameworkmethod,src/main/java/org/junit/runners/model/FrameworkMethod.java,0
36122,runchild,frameworkmethod,src/main/java/org/junit/runners/model/FrameworkMethod.java,blockjunit4classrunner,src/main/java/org/junit/runners/BlockJUnit4ClassRunner.java,1
36123,methodblock,blockjunit4classrunner,src/main/java/org/junit/runners/BlockJUnit4ClassRunner.java,frameworkmethod,src/main/java/org/junit/runners/model/FrameworkMethod.java,0
36124,methodblock,frameworkmethod,src/main/java/org/junit/runners/model/FrameworkMethod.java,blockjunit4classrunner,src/main/java/org/junit/runners/BlockJUnit4ClassRunner.java,1
36125,possiblyexpectingexceptions,blockjunit4classrunner,src/main/java/org/junit/runners/BlockJUnit4ClassRunner.java,statement,src/main/java/org/junit/runners/model/Statement.java,0
36126,possiblyexpectingexceptions,statement,src/main/java/org/junit/runners/model/Statement.java,blockjunit4classrunner,src/main/java/org/junit/runners/BlockJUnit4ClassRunner.java,1
36127,possiblyexpectingexceptions,blockjunit4classrunner,src/main/java/org/junit/runners/BlockJUnit4ClassRunner.java,frameworkmethod,src/main/java/org/junit/runners/model/FrameworkMethod.java,0
36128,possiblyexpectingexceptions,frameworkmethod,src/main/java/org/junit/runners/model/FrameworkMethod.java,blockjunit4classrunner,src/main/java/org/junit/runners/BlockJUnit4ClassRunner.java,1
36129,withpotentialtimeout,blockjunit4classrunner,src/main/java/org/junit/runners/BlockJUnit4ClassRunner.java,statement,src/main/java/org/junit/runners/model/Statement.java,0
36130,withpotentialtimeout,statement,src/main/java/org/junit/runners/model/Statement.java,blockjunit4classrunner,src/main/java/org/junit/runners/BlockJUnit4ClassRunner.java,1
36131,withpotentialtimeout,blockjunit4classrunner,src/main/java/org/junit/runners/BlockJUnit4ClassRunner.java,frameworkmethod,src/main/java/org/junit/runners/model/FrameworkMethod.java,0
36132,withpotentialtimeout,frameworkmethod,src/main/java/org/junit/runners/model/FrameworkMethod.java,blockjunit4classrunner,src/main/java/org/junit/runners/BlockJUnit4ClassRunner.java,1
36133,withrules,blockjunit4classrunner,src/main/java/org/junit/runners/BlockJUnit4ClassRunner.java,statement,src/main/java/org/junit/runners/model/Statement.java,0
36134,withrules,statement,src/main/java/org/junit/runners/model/Statement.java,blockjunit4classrunner,src/main/java/org/junit/runners/BlockJUnit4ClassRunner.java,1
36135,withrules,blockjunit4classrunner,src/main/java/org/junit/runners/BlockJUnit4ClassRunner.java,frameworkmethod,src/main/java/org/junit/runners/model/FrameworkMethod.java,0
36136,withrules,frameworkmethod,src/main/java/org/junit/runners/model/FrameworkMethod.java,blockjunit4classrunner,src/main/java/org/junit/runners/BlockJUnit4ClassRunner.java,1
36137,withmethodrules,blockjunit4classrunner,src/main/java/org/junit/runners/BlockJUnit4ClassRunner.java,statement,src/main/java/org/junit/runners/model/Statement.java,0
36138,withmethodrules,statement,src/main/java/org/junit/runners/model/Statement.java,blockjunit4classrunner,src/main/java/org/junit/runners/BlockJUnit4ClassRunner.java,1
36139,withmethodrules,blockjunit4classrunner,src/main/java/org/junit/runners/BlockJUnit4ClassRunner.java,frameworkmethod,src/main/java/org/junit/runners/model/FrameworkMethod.java,0
36140,withmethodrules,frameworkmethod,src/main/java/org/junit/runners/model/FrameworkMethod.java,blockjunit4classrunner,src/main/java/org/junit/runners/BlockJUnit4ClassRunner.java,1
36141,withtestrules,blockjunit4classrunner,src/main/java/org/junit/runners/BlockJUnit4ClassRunner.java,statement,src/main/java/org/junit/runners/model/Statement.java,0
36142,withtestrules,statement,src/main/java/org/junit/runners/model/Statement.java,blockjunit4classrunner,src/main/java/org/junit/runners/BlockJUnit4ClassRunner.java,1
36143,withtestrules,blockjunit4classrunner,src/main/java/org/junit/runners/BlockJUnit4ClassRunner.java,frameworkmethod,src/main/java/org/junit/runners/model/FrameworkMethod.java,0
36144,withtestrules,frameworkmethod,src/main/java/org/junit/runners/model/FrameworkMethod.java,blockjunit4classrunner,src/main/java/org/junit/runners/BlockJUnit4ClassRunner.java,1
36145,getparameterslist,parameterized,src/main/java/org/junit/runners/Parameterized.java,testclass,src/main/java/org/junit/internal/runners/TestClass.java,0
36146,getparameterslist,testclass,src/main/java/org/junit/internal/runners/TestClass.java,parameterized,src/main/java/org/junit/runners/Parameterized.java,1
36147,runchild,parentrunner,src/main/java/org/junit/runners/ParentRunner.java,sorter,src/main/java/org/junit/runner/manipulation/Sorter.java,0
36148,runchild,sorter,src/main/java/org/junit/runner/manipulation/Sorter.java,parentrunner,src/main/java/org/junit/runners/ParentRunner.java,1
36149,classblock,parentrunner,src/main/java/org/junit/runners/ParentRunner.java,sorter,src/main/java/org/junit/runner/manipulation/Sorter.java,0
36150,classblock,sorter,src/main/java/org/junit/runner/manipulation/Sorter.java,parentrunner,src/main/java/org/junit/runners/ParentRunner.java,1
36151,withafterclasses,parentrunner,src/main/java/org/junit/runners/ParentRunner.java,sorter,src/main/java/org/junit/runner/manipulation/Sorter.java,0
36152,withafterclasses,sorter,src/main/java/org/junit/runner/manipulation/Sorter.java,parentrunner,src/main/java/org/junit/runners/ParentRunner.java,1
36153,withclassrules,parentrunner,src/main/java/org/junit/runners/ParentRunner.java,statement,src/main/java/org/junit/runners/model/Statement.java,0
36154,withclassrules,statement,src/main/java/org/junit/runners/model/Statement.java,parentrunner,src/main/java/org/junit/runners/ParentRunner.java,1
36155,sort,parentrunner,src/main/java/org/junit/runners/ParentRunner.java,testclass,src/main/java/org/junit/internal/runners/TestClass.java,0
36156,sort,testclass,src/main/java/org/junit/internal/runners/TestClass.java,parentrunner,src/main/java/org/junit/runners/ParentRunner.java,1
36157,runchild,suite,src/main/java/org/junit/runners/Suite.java,runner,src/main/java/org/junit/runner/Runner.java,0
36158,runchild,runner,src/main/java/org/junit/runner/Runner.java,suite,src/main/java/org/junit/runners/Suite.java,1
