id,method-name,contain-class-name,contain-class-path,target-class-name,target-class-path,tag
31013,run,testsetup,src/main/java/junit/extensions/TestSetup.java,testresult,src/main/java/junit/framework/TestResult.java,0
31014,run,testresult,src/main/java/junit/framework/TestResult.java,testsetup,src/main/java/junit/extensions/TestSetup.java,1
31015,run,repeatedtest,src/main/java/junit/extensions/RepeatedTest.java,testresult,src/main/java/junit/framework/TestResult.java,0
31016,run,testresult,src/main/java/junit/framework/TestResult.java,repeatedtest,src/main/java/junit/extensions/RepeatedTest.java,1
31017,run,testdecorator,src/main/java/junit/extensions/TestDecorator.java,testresult,src/main/java/junit/framework/TestResult.java,0
31018,run,testresult,src/main/java/junit/framework/TestResult.java,testdecorator,src/main/java/junit/extensions/TestDecorator.java,1
31019,run,activetestsuite,src/main/java/junit/extensions/ActiveTestSuite.java,testresult,src/main/java/junit/framework/TestResult.java,0
31020,run,testresult,src/main/java/junit/framework/TestResult.java,activetestsuite,src/main/java/junit/extensions/ActiveTestSuite.java,1
31021,runtest,activetestsuite,src/main/java/junit/extensions/ActiveTestSuite.java,testresult,src/main/java/junit/framework/TestResult.java,0
31022,runtest,testresult,src/main/java/junit/framework/TestResult.java,activetestsuite,src/main/java/junit/extensions/ActiveTestSuite.java,1
31023,run,testsuite,src/main/java/junit/framework/TestSuite.java,testresult,src/main/java/junit/framework/TestResult.java,0
31024,run,testresult,src/main/java/junit/framework/TestResult.java,testsuite,src/main/java/junit/framework/TestSuite.java,1
31025,addfailure,testresult,src/main/java/junit/framework/TestResult.java,assertionfailederror,src/main/java/junit/framework/AssertionFailedError.java,0
31026,addfailure,assertionfailederror,src/main/java/junit/framework/AssertionFailedError.java,testresult,src/main/java/junit/framework/TestResult.java,1
31027,run,testresult,src/main/java/junit/framework/TestResult.java,testcase,src/main/java/junit/framework/TestCase.java,0
31028,run,testcase,src/main/java/junit/framework/TestCase.java,testresult,src/main/java/junit/framework/TestResult.java,1
31029,gettests,junit4testadapter,src/main/java/junit/framework/JUnit4TestAdapter.java,runner,src/main/java/org/junit/runner/Runner.java,0
31030,gettests,runner,src/main/java/org/junit/runner/Runner.java,junit4testadapter,src/main/java/junit/framework/JUnit4TestAdapter.java,1
31031,gettestclass,junit4testadapter,src/main/java/junit/framework/JUnit4TestAdapter.java,runner,src/main/java/org/junit/runner/Runner.java,0
31032,gettestclass,runner,src/main/java/org/junit/runner/Runner.java,junit4testadapter,src/main/java/junit/framework/JUnit4TestAdapter.java,1
31033,getdescription,junit4testadapter,src/main/java/junit/framework/JUnit4TestAdapter.java,junit4testadapter,src/main/java/junit/framework/JUnit4TestAdapter.java,0
31034,getdescription,junit4testadapter,src/main/java/junit/framework/JUnit4TestAdapter.java,junit4testadapter,src/main/java/junit/framework/JUnit4TestAdapter.java,1
31035,getdescription,junit4testadapter,src/main/java/junit/framework/JUnit4TestAdapter.java,runner,src/main/java/org/junit/runner/Runner.java,0
31036,getdescription,runner,src/main/java/org/junit/runner/Runner.java,junit4testadapter,src/main/java/junit/framework/JUnit4TestAdapter.java,1
31037,removeignored,junit4testadapter,src/main/java/junit/framework/JUnit4TestAdapter.java,junit4testadapter,src/main/java/junit/framework/JUnit4TestAdapter.java,0
31038,removeignored,junit4testadapter,src/main/java/junit/framework/JUnit4TestAdapter.java,junit4testadapter,src/main/java/junit/framework/JUnit4TestAdapter.java,1
31039,removeignored,junit4testadapter,src/main/java/junit/framework/JUnit4TestAdapter.java,description,src/main/java/org/junit/runner/Description.java,0
31040,removeignored,description,src/main/java/org/junit/runner/Description.java,junit4testadapter,src/main/java/junit/framework/JUnit4TestAdapter.java,1
31041,removeignored,junit4testadapter,src/main/java/junit/framework/JUnit4TestAdapter.java,runner,src/main/java/org/junit/runner/Runner.java,0
31042,removeignored,runner,src/main/java/org/junit/runner/Runner.java,junit4testadapter,src/main/java/junit/framework/JUnit4TestAdapter.java,1
31043,tostring,junit4testadapter,src/main/java/junit/framework/JUnit4TestAdapter.java,junit4testadapter,src/main/java/junit/framework/JUnit4TestAdapter.java,0
31044,tostring,junit4testadapter,src/main/java/junit/framework/JUnit4TestAdapter.java,junit4testadapter,src/main/java/junit/framework/JUnit4TestAdapter.java,1
31045,tostring,junit4testadapter,src/main/java/junit/framework/JUnit4TestAdapter.java,runner,src/main/java/org/junit/runner/Runner.java,0
31046,tostring,runner,src/main/java/org/junit/runner/Runner.java,junit4testadapter,src/main/java/junit/framework/JUnit4TestAdapter.java,1
31047,astest,junit4testadapter,src/main/java/junit/framework/JUnit4TestAdapter.java,description,src/main/java/org/junit/runner/Description.java,0
31048,astest,description,src/main/java/org/junit/runner/Description.java,junit4testadapter,src/main/java/junit/framework/JUnit4TestAdapter.java,1
31049,createtest,junit4testadapter,src/main/java/junit/framework/JUnit4TestAdapter.java,description,src/main/java/org/junit/runner/Description.java,0
31050,createtest,description,src/main/java/org/junit/runner/Description.java,junit4testadapter,src/main/java/junit/framework/JUnit4TestAdapter.java,1
31051,getnotifier,junit4testadapter,src/main/java/junit/framework/JUnit4TestAdapter.java,testresult,src/main/java/junit/framework/TestResult.java,0
31052,getnotifier,testresult,src/main/java/junit/framework/TestResult.java,junit4testadapter,src/main/java/junit/framework/JUnit4TestAdapter.java,1
31053,getnotifier,junit4testadapter,src/main/java/junit/framework/JUnit4TestAdapter.java,junit4testadapter,src/main/java/junit/framework/JUnit4TestAdapter.java,0
31054,getnotifier,junit4testadapter,src/main/java/junit/framework/JUnit4TestAdapter.java,junit4testadapter,src/main/java/junit/framework/JUnit4TestAdapter.java,1
31055,astestlist,junit4testadapter,src/main/java/junit/framework/JUnit4TestAdapter.java,description,src/main/java/org/junit/runner/Description.java,0
31056,astestlist,description,src/main/java/org/junit/runner/Description.java,junit4testadapter,src/main/java/junit/framework/JUnit4TestAdapter.java,1
31057,tostring,junit4testcasefacade,src/main/java/junit/framework/JUnit4TestCaseFacade.java,description,src/main/java/org/junit/runner/Description.java,0
31058,tostring,description,src/main/java/org/junit/runner/Description.java,junit4testcasefacade,src/main/java/junit/framework/JUnit4TestCaseFacade.java,1
31059,run,junit4testcasefacade,src/main/java/junit/framework/JUnit4TestCaseFacade.java,description,src/main/java/org/junit/runner/Description.java,0
31060,run,description,src/main/java/org/junit/runner/Description.java,junit4testcasefacade,src/main/java/junit/framework/JUnit4TestCaseFacade.java,1
31061,print,resultprinter,src/main/java/junit/textui/ResultPrinter.java,testresult,src/main/java/junit/framework/TestResult.java,0
31062,print,testresult,src/main/java/junit/framework/TestResult.java,resultprinter,src/main/java/junit/textui/ResultPrinter.java,1
31063,printfailures,resultprinter,src/main/java/junit/textui/ResultPrinter.java,testresult,src/main/java/junit/framework/TestResult.java,0
31064,printfailures,testresult,src/main/java/junit/framework/TestResult.java,resultprinter,src/main/java/junit/textui/ResultPrinter.java,1
31065,printdefect,resultprinter,src/main/java/junit/textui/ResultPrinter.java,testfailure,src/main/java/junit/framework/TestFailure.java,0
31066,printdefect,testfailure,src/main/java/junit/framework/TestFailure.java,resultprinter,src/main/java/junit/textui/ResultPrinter.java,1
31067,printdefectheader,resultprinter,src/main/java/junit/textui/ResultPrinter.java,testfailure,src/main/java/junit/framework/TestFailure.java,0
31068,printdefectheader,testfailure,src/main/java/junit/framework/TestFailure.java,resultprinter,src/main/java/junit/textui/ResultPrinter.java,1
31069,printdefecttrace,resultprinter,src/main/java/junit/textui/ResultPrinter.java,testfailure,src/main/java/junit/framework/TestFailure.java,0
31070,printdefecttrace,testfailure,src/main/java/junit/framework/TestFailure.java,resultprinter,src/main/java/junit/textui/ResultPrinter.java,1
31071,printfooter,resultprinter,src/main/java/junit/textui/ResultPrinter.java,testresult,src/main/java/junit/framework/TestResult.java,0
31072,printfooter,testresult,src/main/java/junit/framework/TestResult.java,resultprinter,src/main/java/junit/textui/ResultPrinter.java,1
31073,addfailure,resultprinter,src/main/java/junit/textui/ResultPrinter.java,assertionfailederror,src/main/java/junit/framework/AssertionFailedError.java,0
31074,addfailure,assertionfailederror,src/main/java/junit/framework/AssertionFailedError.java,resultprinter,src/main/java/junit/textui/ResultPrinter.java,1
31075,run,testrunner,src/main/java/junit/textui/TestRunner.java,resultprinter,src/main/java/junit/textui/ResultPrinter.java,0
31076,run,resultprinter,src/main/java/junit/textui/ResultPrinter.java,testrunner,src/main/java/junit/textui/TestRunner.java,1
31077,runandwait,testrunner,src/main/java/junit/textui/TestRunner.java,resultprinter,src/main/java/junit/textui/ResultPrinter.java,0
31078,runandwait,resultprinter,src/main/java/junit/textui/ResultPrinter.java,testrunner,src/main/java/junit/textui/TestRunner.java,1
31079,dorun,testrunner,src/main/java/junit/textui/TestRunner.java,resultprinter,src/main/java/junit/textui/ResultPrinter.java,0
31080,dorun,resultprinter,src/main/java/junit/textui/ResultPrinter.java,testrunner,src/main/java/junit/textui/TestRunner.java,1
31081,main,testrunner,src/main/java/junit/textui/TestRunner.java,resultprinter,src/main/java/junit/textui/ResultPrinter.java,0
31082,main,resultprinter,src/main/java/junit/textui/ResultPrinter.java,testrunner,src/main/java/junit/textui/TestRunner.java,1
31083,start,testrunner,src/main/java/junit/textui/TestRunner.java,resultprinter,src/main/java/junit/textui/ResultPrinter.java,0
31084,start,resultprinter,src/main/java/junit/textui/ResultPrinter.java,testrunner,src/main/java/junit/textui/TestRunner.java,1
31085,runsinglemethod,testrunner,src/main/java/junit/textui/TestRunner.java,resultprinter,src/main/java/junit/textui/ResultPrinter.java,0
31086,runsinglemethod,resultprinter,src/main/java/junit/textui/ResultPrinter.java,testrunner,src/main/java/junit/textui/TestRunner.java,1
31087,getsuite,parallelcomputer,src/main/java/org/junit/experimental/ParallelComputer.java,runnerbuilder,src/main/java/org/junit/runners/model/RunnerBuilder.java,0
31088,getsuite,runnerbuilder,src/main/java/org/junit/runners/model/RunnerBuilder.java,parallelcomputer,src/main/java/org/junit/experimental/ParallelComputer.java,1
31089,getrunner,parallelcomputer,src/main/java/org/junit/experimental/ParallelComputer.java,runnerbuilder,src/main/java/org/junit/runners/model/RunnerBuilder.java,0
31090,getrunner,runnerbuilder,src/main/java/org/junit/runners/model/RunnerBuilder.java,parallelcomputer,src/main/java/org/junit/experimental/ParallelComputer.java,1
31091,assertnocategorizeddescendentsof,categories,src/main/java/org/junit/experimental/categories/Categories.java,description,src/main/java/org/junit/runner/Description.java,0
31092,assertnocategorizeddescendentsof,description,src/main/java/org/junit/runner/Description.java,categories,src/main/java/org/junit/experimental/categories/Categories.java,1
31093,assertnodescendantshavecategory,categories,src/main/java/org/junit/experimental/categories/Categories.java,description,src/main/java/org/junit/runner/Description.java,0
31094,assertnodescendantshavecategory,description,src/main/java/org/junit/runner/Description.java,categories,src/main/java/org/junit/experimental/categories/Categories.java,1
31095,getfailuretimestamp,maxhistory,src/main/java/org/junit/experimental/max/MaxHistory.java,description,src/main/java/org/junit/runner/Description.java,0
31096,getfailuretimestamp,description,src/main/java/org/junit/runner/Description.java,maxhistory,src/main/java/org/junit/experimental/max/MaxHistory.java,1
31097,puttestfailuretimestamp,maxhistory,src/main/java/org/junit/experimental/max/MaxHistory.java,description,src/main/java/org/junit/runner/Description.java,0
31098,puttestfailuretimestamp,description,src/main/java/org/junit/runner/Description.java,maxhistory,src/main/java/org/junit/experimental/max/MaxHistory.java,1
31099,isnewtest,maxhistory,src/main/java/org/junit/experimental/max/MaxHistory.java,description,src/main/java/org/junit/runner/Description.java,0
31100,isnewtest,description,src/main/java/org/junit/runner/Description.java,maxhistory,src/main/java/org/junit/experimental/max/MaxHistory.java,1
31101,gettestduration,maxhistory,src/main/java/org/junit/experimental/max/MaxHistory.java,description,src/main/java/org/junit/runner/Description.java,0
31102,gettestduration,description,src/main/java/org/junit/runner/Description.java,maxhistory,src/main/java/org/junit/experimental/max/MaxHistory.java,1
31103,puttestduration,maxhistory,src/main/java/org/junit/experimental/max/MaxHistory.java,description,src/main/java/org/junit/runner/Description.java,0
31104,puttestduration,description,src/main/java/org/junit/runner/Description.java,maxhistory,src/main/java/org/junit/experimental/max/MaxHistory.java,1
31105,run,maxcore,src/main/java/org/junit/experimental/max/MaxCore.java,maxhistory,src/main/java/org/junit/experimental/max/MaxHistory.java,0
31106,run,maxhistory,src/main/java/org/junit/experimental/max/MaxHistory.java,maxcore,src/main/java/org/junit/experimental/max/MaxCore.java,1
31107,run,maxcore,src/main/java/org/junit/experimental/max/MaxCore.java,request,src/main/java/org/junit/runner/Request.java,0
31108,run,request,src/main/java/org/junit/runner/Request.java,maxcore,src/main/java/org/junit/experimental/max/MaxCore.java,1
31109,run,maxcore,src/main/java/org/junit/experimental/max/MaxCore.java,junitcore,src/main/java/org/junit/runner/JUnitCore.java,0
31110,run,junitcore,src/main/java/org/junit/runner/JUnitCore.java,maxcore,src/main/java/org/junit/experimental/max/MaxCore.java,1
31111,sortrequest,maxcore,src/main/java/org/junit/experimental/max/MaxCore.java,maxhistory,src/main/java/org/junit/experimental/max/MaxHistory.java,0
31112,sortrequest,maxhistory,src/main/java/org/junit/experimental/max/MaxHistory.java,maxcore,src/main/java/org/junit/experimental/max/MaxCore.java,1
31113,sortrequest,maxcore,src/main/java/org/junit/experimental/max/MaxCore.java,request,src/main/java/org/junit/runner/Request.java,0
31114,sortrequest,request,src/main/java/org/junit/runner/Request.java,maxcore,src/main/java/org/junit/experimental/max/MaxCore.java,1
31115,constructleafrequest,maxcore,src/main/java/org/junit/experimental/max/MaxCore.java,maxhistory,src/main/java/org/junit/experimental/max/MaxHistory.java,0
31116,constructleafrequest,maxhistory,src/main/java/org/junit/experimental/max/MaxHistory.java,maxcore,src/main/java/org/junit/experimental/max/MaxCore.java,1
31117,buildrunner,maxcore,src/main/java/org/junit/experimental/max/MaxCore.java,maxhistory,src/main/java/org/junit/experimental/max/MaxHistory.java,0
31118,buildrunner,maxhistory,src/main/java/org/junit/experimental/max/MaxHistory.java,maxcore,src/main/java/org/junit/experimental/max/MaxCore.java,1
31119,buildrunner,maxcore,src/main/java/org/junit/experimental/max/MaxCore.java,description,src/main/java/org/junit/runner/Description.java,0
31120,buildrunner,description,src/main/java/org/junit/runner/Description.java,maxcore,src/main/java/org/junit/experimental/max/MaxCore.java,1
31121,findleaves,maxcore,src/main/java/org/junit/experimental/max/MaxCore.java,maxhistory,src/main/java/org/junit/experimental/max/MaxHistory.java,0
31122,findleaves,maxhistory,src/main/java/org/junit/experimental/max/MaxHistory.java,maxcore,src/main/java/org/junit/experimental/max/MaxCore.java,1
31123,findleaves,maxcore,src/main/java/org/junit/experimental/max/MaxCore.java,request,src/main/java/org/junit/runner/Request.java,0
31124,findleaves,request,src/main/java/org/junit/runner/Request.java,maxcore,src/main/java/org/junit/experimental/max/MaxCore.java,1
31125,methodblock,theories,src/main/java/org/junit/experimental/theories/Theories.java,frameworkmethod,src/main/java/org/junit/runners/model/FrameworkMethod.java,0
31126,methodblock,frameworkmethod,src/main/java/org/junit/runners/model/FrameworkMethod.java,theories,src/main/java/org/junit/experimental/theories/Theories.java,1
31127,getvaluesources,allmemberssupplier,src/main/java/org/junit/experimental/theories/internal/AllMembersSupplier.java,parametersignature,src/main/java/org/junit/experimental/theories/ParameterSignature.java,0
31128,getvaluesources,parametersignature,src/main/java/org/junit/experimental/theories/ParameterSignature.java,allmemberssupplier,src/main/java/org/junit/experimental/theories/internal/AllMembersSupplier.java,1
31129,getvaluesources,allmemberssupplier,src/main/java/org/junit/experimental/theories/internal/AllMembersSupplier.java,testclass,src/main/java/org/junit/internal/runners/TestClass.java,0
31130,getvaluesources,testclass,src/main/java/org/junit/internal/runners/TestClass.java,allmemberssupplier,src/main/java/org/junit/experimental/theories/internal/AllMembersSupplier.java,1
31131,addmultipointmethods,allmemberssupplier,src/main/java/org/junit/experimental/theories/internal/AllMembersSupplier.java,testclass,src/main/java/org/junit/internal/runners/TestClass.java,0
31132,addmultipointmethods,testclass,src/main/java/org/junit/internal/runners/TestClass.java,allmemberssupplier,src/main/java/org/junit/experimental/theories/internal/AllMembersSupplier.java,1
31133,addfields,allmemberssupplier,src/main/java/org/junit/experimental/theories/internal/AllMembersSupplier.java,parametersignature,src/main/java/org/junit/experimental/theories/ParameterSignature.java,0
31134,addfields,parametersignature,src/main/java/org/junit/experimental/theories/ParameterSignature.java,allmemberssupplier,src/main/java/org/junit/experimental/theories/internal/AllMembersSupplier.java,1
31135,addfields,allmemberssupplier,src/main/java/org/junit/experimental/theories/internal/AllMembersSupplier.java,testclass,src/main/java/org/junit/internal/runners/TestClass.java,0
31136,addfields,testclass,src/main/java/org/junit/internal/runners/TestClass.java,allmemberssupplier,src/main/java/org/junit/experimental/theories/internal/AllMembersSupplier.java,1
31137,nextunassigned,assignments,src/main/java/org/junit/experimental/theories/internal/Assignments.java,testclass,src/main/java/org/junit/internal/runners/TestClass.java,0
31138,nextunassigned,testclass,src/main/java/org/junit/internal/runners/TestClass.java,assignments,src/main/java/org/junit/experimental/theories/internal/Assignments.java,1
31139,potentialsfornextunassigned,assignments,src/main/java/org/junit/experimental/theories/internal/Assignments.java,testclass,src/main/java/org/junit/internal/runners/TestClass.java,0
31140,potentialsfornextunassigned,testclass,src/main/java/org/junit/internal/runners/TestClass.java,assignments,src/main/java/org/junit/experimental/theories/internal/Assignments.java,1
31141,getsupplier,assignments,src/main/java/org/junit/experimental/theories/internal/Assignments.java,parametersignature,src/main/java/org/junit/experimental/theories/ParameterSignature.java,0
31142,getsupplier,parametersignature,src/main/java/org/junit/experimental/theories/ParameterSignature.java,assignments,src/main/java/org/junit/experimental/theories/internal/Assignments.java,1
31143,getsupplier,assignments,src/main/java/org/junit/experimental/theories/internal/Assignments.java,testclass,src/main/java/org/junit/internal/runners/TestClass.java,0
31144,getsupplier,testclass,src/main/java/org/junit/internal/runners/TestClass.java,assignments,src/main/java/org/junit/experimental/theories/internal/Assignments.java,1
31145,testrunfinished,textlistener,src/main/java/org/junit/internal/TextListener.java,result,src/main/java/org/junit/runner/Result.java,0
31146,testrunfinished,result,src/main/java/org/junit/runner/Result.java,textlistener,src/main/java/org/junit/internal/TextListener.java,1
31147,teststarted,textlistener,src/main/java/org/junit/internal/TextListener.java,description,src/main/java/org/junit/runner/Description.java,0
31148,teststarted,description,src/main/java/org/junit/runner/Description.java,textlistener,src/main/java/org/junit/internal/TextListener.java,1
31149,testfailure,textlistener,src/main/java/org/junit/internal/TextListener.java,failure,src/main/java/org/junit/runner/notification/Failure.java,0
31150,testfailure,failure,src/main/java/org/junit/runner/notification/Failure.java,textlistener,src/main/java/org/junit/internal/TextListener.java,1
31151,testignored,textlistener,src/main/java/org/junit/internal/TextListener.java,description,src/main/java/org/junit/runner/Description.java,0
31152,testignored,description,src/main/java/org/junit/runner/Description.java,textlistener,src/main/java/org/junit/internal/TextListener.java,1
31153,printfailures,textlistener,src/main/java/org/junit/internal/TextListener.java,result,src/main/java/org/junit/runner/Result.java,0
31154,printfailures,result,src/main/java/org/junit/runner/Result.java,textlistener,src/main/java/org/junit/internal/TextListener.java,1
31155,printfailure,textlistener,src/main/java/org/junit/internal/TextListener.java,failure,src/main/java/org/junit/runner/notification/Failure.java,0
31156,printfailure,failure,src/main/java/org/junit/runner/notification/Failure.java,textlistener,src/main/java/org/junit/internal/TextListener.java,1
31157,printfooter,textlistener,src/main/java/org/junit/internal/TextListener.java,result,src/main/java/org/junit/runner/Result.java,0
31158,printfooter,result,src/main/java/org/junit/runner/Result.java,textlistener,src/main/java/org/junit/internal/TextListener.java,1
31159,runnerforclass,annotatedbuilder,src/main/java/org/junit/internal/builders/AnnotatedBuilder.java,runnerbuilder,src/main/java/org/junit/runners/model/RunnerBuilder.java,0
31160,runnerforclass,runnerbuilder,src/main/java/org/junit/runners/model/RunnerBuilder.java,annotatedbuilder,src/main/java/org/junit/internal/builders/AnnotatedBuilder.java,1
31161,getrunner,sortingrequest,src/main/java/org/junit/internal/requests/SortingRequest.java,request,src/main/java/org/junit/runner/Request.java,0
31162,getrunner,request,src/main/java/org/junit/runner/Request.java,sortingrequest,src/main/java/org/junit/internal/requests/SortingRequest.java,1
31163,run,errorreportingrunner,src/main/java/org/junit/internal/runners/ErrorReportingRunner.java,runnotifier,src/main/java/org/junit/runner/notification/RunNotifier.java,0
31164,run,runnotifier,src/main/java/org/junit/runner/notification/RunNotifier.java,errorreportingrunner,src/main/java/org/junit/internal/runners/ErrorReportingRunner.java,1
31165,runcause,errorreportingrunner,src/main/java/org/junit/internal/runners/ErrorReportingRunner.java,runnotifier,src/main/java/org/junit/runner/notification/RunNotifier.java,0
31166,runcause,runnotifier,src/main/java/org/junit/runner/notification/RunNotifier.java,errorreportingrunner,src/main/java/org/junit/internal/runners/ErrorReportingRunner.java,1
31167,rununprotected,classroadie,src/main/java/org/junit/internal/runners/ClassRoadie.java,testclass,src/main/java/org/junit/internal/runners/TestClass.java,0
31168,rununprotected,testclass,src/main/java/org/junit/internal/runners/TestClass.java,classroadie,src/main/java/org/junit/internal/runners/ClassRoadie.java,1
31169,rununprotected,classroadie,src/main/java/org/junit/internal/runners/ClassRoadie.java,description,src/main/java/org/junit/runner/Description.java,0
31170,rununprotected,description,src/main/java/org/junit/runner/Description.java,classroadie,src/main/java/org/junit/internal/runners/ClassRoadie.java,1
31171,rununprotected,classroadie,src/main/java/org/junit/internal/runners/ClassRoadie.java,runnotifier,src/main/java/org/junit/runner/notification/RunNotifier.java,0
31172,rununprotected,runnotifier,src/main/java/org/junit/runner/notification/RunNotifier.java,classroadie,src/main/java/org/junit/internal/runners/ClassRoadie.java,1
31173,runprotected,classroadie,src/main/java/org/junit/internal/runners/ClassRoadie.java,testclass,src/main/java/org/junit/internal/runners/TestClass.java,0
31174,runprotected,testclass,src/main/java/org/junit/internal/runners/TestClass.java,classroadie,src/main/java/org/junit/internal/runners/ClassRoadie.java,1
31175,runprotected,classroadie,src/main/java/org/junit/internal/runners/ClassRoadie.java,description,src/main/java/org/junit/runner/Description.java,0
31176,runprotected,description,src/main/java/org/junit/runner/Description.java,classroadie,src/main/java/org/junit/internal/runners/ClassRoadie.java,1
31177,runprotected,classroadie,src/main/java/org/junit/internal/runners/ClassRoadie.java,runnotifier,src/main/java/org/junit/runner/notification/RunNotifier.java,0
31178,runprotected,runnotifier,src/main/java/org/junit/runner/notification/RunNotifier.java,classroadie,src/main/java/org/junit/internal/runners/ClassRoadie.java,1
31179,run,methodroadie,src/main/java/org/junit/internal/runners/MethodRoadie.java,testmethod,src/main/java/org/junit/internal/runners/TestMethod.java,0
31180,run,testmethod,src/main/java/org/junit/internal/runners/TestMethod.java,methodroadie,src/main/java/org/junit/internal/runners/MethodRoadie.java,1
31181,run,methodroadie,src/main/java/org/junit/internal/runners/MethodRoadie.java,description,src/main/java/org/junit/runner/Description.java,0
31182,run,description,src/main/java/org/junit/runner/Description.java,methodroadie,src/main/java/org/junit/internal/runners/MethodRoadie.java,1
31183,run,methodroadie,src/main/java/org/junit/internal/runners/MethodRoadie.java,runnotifier,src/main/java/org/junit/runner/notification/RunNotifier.java,0
31184,run,runnotifier,src/main/java/org/junit/runner/notification/RunNotifier.java,methodroadie,src/main/java/org/junit/internal/runners/MethodRoadie.java,1
31185,runbeforesthentestthen,methodroadie,src/main/java/org/junit/internal/runners/MethodRoadie.java,testmethod,src/main/java/org/junit/internal/runners/TestMethod.java,0
31186,runbeforesthentestthen,testmethod,src/main/java/org/junit/internal/runners/TestMethod.java,methodroadie,src/main/java/org/junit/internal/runners/MethodRoadie.java,1
31187,runbeforesthentestthen,methodroadie,src/main/java/org/junit/internal/runners/MethodRoadie.java,description,src/main/java/org/junit/runner/Description.java,0
31188,runbeforesthentestthen,description,src/main/java/org/junit/runner/Description.java,methodroadie,src/main/java/org/junit/internal/runners/MethodRoadie.java,1
31189,runbeforesthentestthen,methodroadie,src/main/java/org/junit/internal/runners/MethodRoadie.java,runnotifier,src/main/java/org/junit/runner/notification/RunNotifier.java,0
31190,runbeforesthentestthen,runnotifier,src/main/java/org/junit/runner/notification/RunNotifier.java,methodroadie,src/main/java/org/junit/internal/runners/MethodRoadie.java,1
31191,runtestmethod,methodroadie,src/main/java/org/junit/internal/runners/MethodRoadie.java,testmethod,src/main/java/org/junit/internal/runners/TestMethod.java,0
31192,runtestmethod,testmethod,src/main/java/org/junit/internal/runners/TestMethod.java,methodroadie,src/main/java/org/junit/internal/runners/MethodRoadie.java,1
31193,runtestmethod,methodroadie,src/main/java/org/junit/internal/runners/MethodRoadie.java,description,src/main/java/org/junit/runner/Description.java,0
31194,runtestmethod,description,src/main/java/org/junit/runner/Description.java,methodroadie,src/main/java/org/junit/internal/runners/MethodRoadie.java,1
31195,runtestmethod,methodroadie,src/main/java/org/junit/internal/runners/MethodRoadie.java,runnotifier,src/main/java/org/junit/runner/notification/RunNotifier.java,0
31196,runtestmethod,runnotifier,src/main/java/org/junit/runner/notification/RunNotifier.java,methodroadie,src/main/java/org/junit/internal/runners/MethodRoadie.java,1
31197,runbefores,methodroadie,src/main/java/org/junit/internal/runners/MethodRoadie.java,testmethod,src/main/java/org/junit/internal/runners/TestMethod.java,0
31198,runbefores,testmethod,src/main/java/org/junit/internal/runners/TestMethod.java,methodroadie,src/main/java/org/junit/internal/runners/MethodRoadie.java,1
31199,runbefores,methodroadie,src/main/java/org/junit/internal/runners/MethodRoadie.java,description,src/main/java/org/junit/runner/Description.java,0
31200,runbefores,description,src/main/java/org/junit/runner/Description.java,methodroadie,src/main/java/org/junit/internal/runners/MethodRoadie.java,1
31201,runbefores,methodroadie,src/main/java/org/junit/internal/runners/MethodRoadie.java,runnotifier,src/main/java/org/junit/runner/notification/RunNotifier.java,0
31202,runbefores,runnotifier,src/main/java/org/junit/runner/notification/RunNotifier.java,methodroadie,src/main/java/org/junit/internal/runners/MethodRoadie.java,1
31203,runafters,methodroadie,src/main/java/org/junit/internal/runners/MethodRoadie.java,testmethod,src/main/java/org/junit/internal/runners/TestMethod.java,0
31204,runafters,testmethod,src/main/java/org/junit/internal/runners/TestMethod.java,methodroadie,src/main/java/org/junit/internal/runners/MethodRoadie.java,1
31205,runafters,methodroadie,src/main/java/org/junit/internal/runners/MethodRoadie.java,description,src/main/java/org/junit/runner/Description.java,0
31206,runafters,description,src/main/java/org/junit/runner/Description.java,methodroadie,src/main/java/org/junit/internal/runners/MethodRoadie.java,1
31207,runafters,methodroadie,src/main/java/org/junit/internal/runners/MethodRoadie.java,runnotifier,src/main/java/org/junit/runner/notification/RunNotifier.java,0
31208,runafters,runnotifier,src/main/java/org/junit/runner/notification/RunNotifier.java,methodroadie,src/main/java/org/junit/internal/runners/MethodRoadie.java,1
31209,addfailure,methodroadie,src/main/java/org/junit/internal/runners/MethodRoadie.java,runnotifier,src/main/java/org/junit/runner/notification/RunNotifier.java,0
31210,addfailure,runnotifier,src/main/java/org/junit/runner/notification/RunNotifier.java,methodroadie,src/main/java/org/junit/internal/runners/MethodRoadie.java,1
31211,gettestmethods,junit4classrunner,src/main/java/org/junit/internal/runners/JUnit4ClassRunner.java,testclass,src/main/java/org/junit/internal/runners/TestClass.java,0
31212,gettestmethods,testclass,src/main/java/org/junit/internal/runners/TestClass.java,junit4classrunner,src/main/java/org/junit/internal/runners/JUnit4ClassRunner.java,1
31213,run,junit4classrunner,src/main/java/org/junit/internal/runners/JUnit4ClassRunner.java,testclass,src/main/java/org/junit/internal/runners/TestClass.java,0
31214,run,testclass,src/main/java/org/junit/internal/runners/TestClass.java,junit4classrunner,src/main/java/org/junit/internal/runners/JUnit4ClassRunner.java,1
31215,run,junit4classrunner,src/main/java/org/junit/internal/runners/JUnit4ClassRunner.java,runnotifier,src/main/java/org/junit/runner/notification/RunNotifier.java,0
31216,run,runnotifier,src/main/java/org/junit/runner/notification/RunNotifier.java,junit4classrunner,src/main/java/org/junit/internal/runners/JUnit4ClassRunner.java,1
31217,runmethods,junit4classrunner,src/main/java/org/junit/internal/runners/JUnit4ClassRunner.java,testclass,src/main/java/org/junit/internal/runners/TestClass.java,0
31218,runmethods,testclass,src/main/java/org/junit/internal/runners/TestClass.java,junit4classrunner,src/main/java/org/junit/internal/runners/JUnit4ClassRunner.java,1
31219,runmethods,junit4classrunner,src/main/java/org/junit/internal/runners/JUnit4ClassRunner.java,runnotifier,src/main/java/org/junit/runner/notification/RunNotifier.java,0
31220,runmethods,runnotifier,src/main/java/org/junit/runner/notification/RunNotifier.java,junit4classrunner,src/main/java/org/junit/internal/runners/JUnit4ClassRunner.java,1
31221,getdescription,junit4classrunner,src/main/java/org/junit/internal/runners/JUnit4ClassRunner.java,testclass,src/main/java/org/junit/internal/runners/TestClass.java,0
31222,getdescription,testclass,src/main/java/org/junit/internal/runners/TestClass.java,junit4classrunner,src/main/java/org/junit/internal/runners/JUnit4ClassRunner.java,1
31223,invoketestmethod,junit4classrunner,src/main/java/org/junit/internal/runners/JUnit4ClassRunner.java,testclass,src/main/java/org/junit/internal/runners/TestClass.java,0
31224,invoketestmethod,testclass,src/main/java/org/junit/internal/runners/TestClass.java,junit4classrunner,src/main/java/org/junit/internal/runners/JUnit4ClassRunner.java,1
31225,invoketestmethod,junit4classrunner,src/main/java/org/junit/internal/runners/JUnit4ClassRunner.java,runnotifier,src/main/java/org/junit/runner/notification/RunNotifier.java,0
31226,invoketestmethod,runnotifier,src/main/java/org/junit/runner/notification/RunNotifier.java,junit4classrunner,src/main/java/org/junit/internal/runners/JUnit4ClassRunner.java,1
31227,testname,junit4classrunner,src/main/java/org/junit/internal/runners/JUnit4ClassRunner.java,testclass,src/main/java/org/junit/internal/runners/TestClass.java,0
31228,testname,testclass,src/main/java/org/junit/internal/runners/TestClass.java,junit4classrunner,src/main/java/org/junit/internal/runners/JUnit4ClassRunner.java,1
31229,methoddescription,junit4classrunner,src/main/java/org/junit/internal/runners/JUnit4ClassRunner.java,testclass,src/main/java/org/junit/internal/runners/TestClass.java,0
31230,methoddescription,testclass,src/main/java/org/junit/internal/runners/TestClass.java,junit4classrunner,src/main/java/org/junit/internal/runners/JUnit4ClassRunner.java,1
31231,filter,junit4classrunner,src/main/java/org/junit/internal/runners/JUnit4ClassRunner.java,testclass,src/main/java/org/junit/internal/runners/TestClass.java,0
31232,filter,testclass,src/main/java/org/junit/internal/runners/TestClass.java,junit4classrunner,src/main/java/org/junit/internal/runners/JUnit4ClassRunner.java,1
31233,filter,junit4classrunner,src/main/java/org/junit/internal/runners/JUnit4ClassRunner.java,filter,src/main/java/org/junit/runner/manipulation/Filter.java,0
31234,filter,filter,src/main/java/org/junit/runner/manipulation/Filter.java,junit4classrunner,src/main/java/org/junit/internal/runners/JUnit4ClassRunner.java,1
31235,sort,junit4classrunner,src/main/java/org/junit/internal/runners/JUnit4ClassRunner.java,testclass,src/main/java/org/junit/internal/runners/TestClass.java,0
31236,sort,testclass,src/main/java/org/junit/internal/runners/TestClass.java,junit4classrunner,src/main/java/org/junit/internal/runners/JUnit4ClassRunner.java,1
31237,sort,junit4classrunner,src/main/java/org/junit/internal/runners/JUnit4ClassRunner.java,sorter,src/main/java/org/junit/runner/manipulation/Sorter.java,0
31238,sort,sorter,src/main/java/org/junit/runner/manipulation/Sorter.java,junit4classrunner,src/main/java/org/junit/internal/runners/JUnit4ClassRunner.java,1
31239,gettestclass,junit4classrunner,src/main/java/org/junit/internal/runners/JUnit4ClassRunner.java,testclass,src/main/java/org/junit/internal/runners/TestClass.java,0
31240,gettestclass,testclass,src/main/java/org/junit/internal/runners/TestClass.java,junit4classrunner,src/main/java/org/junit/internal/runners/JUnit4ClassRunner.java,1
31241,validateinstancemethods,methodvalidator,src/main/java/org/junit/internal/runners/MethodValidator.java,testclass,src/main/java/org/junit/internal/runners/TestClass.java,0
31242,validateinstancemethods,testclass,src/main/java/org/junit/internal/runners/TestClass.java,methodvalidator,src/main/java/org/junit/internal/runners/MethodValidator.java,1
31243,validatestaticmethods,methodvalidator,src/main/java/org/junit/internal/runners/MethodValidator.java,testclass,src/main/java/org/junit/internal/runners/TestClass.java,0
31244,validatestaticmethods,testclass,src/main/java/org/junit/internal/runners/TestClass.java,methodvalidator,src/main/java/org/junit/internal/runners/MethodValidator.java,1
31245,validatemethodsfordefaultrunner,methodvalidator,src/main/java/org/junit/internal/runners/MethodValidator.java,testclass,src/main/java/org/junit/internal/runners/TestClass.java,0
31246,validatemethodsfordefaultrunner,testclass,src/main/java/org/junit/internal/runners/TestClass.java,methodvalidator,src/main/java/org/junit/internal/runners/MethodValidator.java,1
31247,assertvalid,methodvalidator,src/main/java/org/junit/internal/runners/MethodValidator.java,testclass,src/main/java/org/junit/internal/runners/TestClass.java,0
31248,assertvalid,testclass,src/main/java/org/junit/internal/runners/TestClass.java,methodvalidator,src/main/java/org/junit/internal/runners/MethodValidator.java,1
31249,validatenoargconstructor,methodvalidator,src/main/java/org/junit/internal/runners/MethodValidator.java,testclass,src/main/java/org/junit/internal/runners/TestClass.java,0
31250,validatenoargconstructor,testclass,src/main/java/org/junit/internal/runners/TestClass.java,methodvalidator,src/main/java/org/junit/internal/runners/MethodValidator.java,1
31251,validatetestmethods,methodvalidator,src/main/java/org/junit/internal/runners/MethodValidator.java,testclass,src/main/java/org/junit/internal/runners/TestClass.java,0
31252,validatetestmethods,testclass,src/main/java/org/junit/internal/runners/TestClass.java,methodvalidator,src/main/java/org/junit/internal/runners/MethodValidator.java,1
31253,run,junit38classrunner,src/main/java/org/junit/internal/runners/JUnit38ClassRunner.java,runnotifier,src/main/java/org/junit/runner/notification/RunNotifier.java,0
31254,run,runnotifier,src/main/java/org/junit/runner/notification/RunNotifier.java,junit38classrunner,src/main/java/org/junit/internal/runners/JUnit38ClassRunner.java,1
31255,isignored,testmethod,src/main/java/org/junit/internal/runners/TestMethod.java,testclass,src/main/java/org/junit/internal/runners/TestClass.java,0
31256,isignored,testclass,src/main/java/org/junit/internal/runners/TestClass.java,testmethod,src/main/java/org/junit/internal/runners/TestMethod.java,1
31257,gettimeout,testmethod,src/main/java/org/junit/internal/runners/TestMethod.java,testclass,src/main/java/org/junit/internal/runners/TestClass.java,0
31258,gettimeout,testclass,src/main/java/org/junit/internal/runners/TestClass.java,testmethod,src/main/java/org/junit/internal/runners/TestMethod.java,1
31259,getexpectedexception,testmethod,src/main/java/org/junit/internal/runners/TestMethod.java,testclass,src/main/java/org/junit/internal/runners/TestClass.java,0
31260,getexpectedexception,testclass,src/main/java/org/junit/internal/runners/TestClass.java,testmethod,src/main/java/org/junit/internal/runners/TestMethod.java,1
31261,isunexpected,testmethod,src/main/java/org/junit/internal/runners/TestMethod.java,testclass,src/main/java/org/junit/internal/runners/TestClass.java,0
31262,isunexpected,testclass,src/main/java/org/junit/internal/runners/TestClass.java,testmethod,src/main/java/org/junit/internal/runners/TestMethod.java,1
31263,expectsexception,testmethod,src/main/java/org/junit/internal/runners/TestMethod.java,testclass,src/main/java/org/junit/internal/runners/TestClass.java,0
31264,expectsexception,testclass,src/main/java/org/junit/internal/runners/TestClass.java,testmethod,src/main/java/org/junit/internal/runners/TestMethod.java,1
31265,getafters,testmethod,src/main/java/org/junit/internal/runners/TestMethod.java,testclass,src/main/java/org/junit/internal/runners/TestClass.java,0
31266,getafters,testclass,src/main/java/org/junit/internal/runners/TestClass.java,testmethod,src/main/java/org/junit/internal/runners/TestMethod.java,1
31267,invoke,testmethod,src/main/java/org/junit/internal/runners/TestMethod.java,testclass,src/main/java/org/junit/internal/runners/TestClass.java,0
31268,invoke,testclass,src/main/java/org/junit/internal/runners/TestClass.java,testmethod,src/main/java/org/junit/internal/runners/TestMethod.java,1
31269,addfailure,eachtestnotifier,src/main/java/org/junit/internal/runners/model/EachTestNotifier.java,description,src/main/java/org/junit/runner/Description.java,0
31270,addfailure,description,src/main/java/org/junit/runner/Description.java,eachtestnotifier,src/main/java/org/junit/internal/runners/model/EachTestNotifier.java,1
31271,addfailure,eachtestnotifier,src/main/java/org/junit/internal/runners/model/EachTestNotifier.java,runnotifier,src/main/java/org/junit/runner/notification/RunNotifier.java,0
31272,addfailure,runnotifier,src/main/java/org/junit/runner/notification/RunNotifier.java,eachtestnotifier,src/main/java/org/junit/internal/runners/model/EachTestNotifier.java,1
31273,addmultiplefailureexception,eachtestnotifier,src/main/java/org/junit/internal/runners/model/EachTestNotifier.java,description,src/main/java/org/junit/runner/Description.java,0
31274,addmultiplefailureexception,description,src/main/java/org/junit/runner/Description.java,eachtestnotifier,src/main/java/org/junit/internal/runners/model/EachTestNotifier.java,1
31275,addmultiplefailureexception,eachtestnotifier,src/main/java/org/junit/internal/runners/model/EachTestNotifier.java,runnotifier,src/main/java/org/junit/runner/notification/RunNotifier.java,0
31276,addmultiplefailureexception,runnotifier,src/main/java/org/junit/runner/notification/RunNotifier.java,eachtestnotifier,src/main/java/org/junit/internal/runners/model/EachTestNotifier.java,1
31277,addmultiplefailureexception,eachtestnotifier,src/main/java/org/junit/internal/runners/model/EachTestNotifier.java,multiplefailureexception,src/main/java/org/junit/internal/runners/model/MultipleFailureException.java,0
31278,addmultiplefailureexception,multiplefailureexception,src/main/java/org/junit/internal/runners/model/MultipleFailureException.java,eachtestnotifier,src/main/java/org/junit/internal/runners/model/EachTestNotifier.java,1
31279,addfailedassumption,eachtestnotifier,src/main/java/org/junit/internal/runners/model/EachTestNotifier.java,runnotifier,src/main/java/org/junit/runner/notification/RunNotifier.java,0
31280,addfailedassumption,runnotifier,src/main/java/org/junit/runner/notification/RunNotifier.java,eachtestnotifier,src/main/java/org/junit/internal/runners/model/EachTestNotifier.java,1
31281,evaluate,failontimeout,src/main/java/org/junit/internal/runners/statements/FailOnTimeout.java,statement,src/main/java/org/junit/runners/model/Statement.java,0
31282,evaluate,statement,src/main/java/org/junit/runners/model/Statement.java,failontimeout,src/main/java/org/junit/internal/runners/statements/FailOnTimeout.java,1
31283,evaluatestatement,failontimeout,src/main/java/org/junit/internal/runners/statements/FailOnTimeout.java,statement,src/main/java/org/junit/runners/model/Statement.java,0
31284,evaluatestatement,statement,src/main/java/org/junit/runners/model/Statement.java,failontimeout,src/main/java/org/junit/internal/runners/statements/FailOnTimeout.java,1
31285,throwexceptionforunfinishedthread,failontimeout,src/main/java/org/junit/internal/runners/statements/FailOnTimeout.java,statement,src/main/java/org/junit/runners/model/Statement.java,0
31286,throwexceptionforunfinishedthread,statement,src/main/java/org/junit/runners/model/Statement.java,failontimeout,src/main/java/org/junit/internal/runners/statements/FailOnTimeout.java,1
31287,throwtimeoutexception,failontimeout,src/main/java/org/junit/internal/runners/statements/FailOnTimeout.java,statement,src/main/java/org/junit/runners/model/Statement.java,0
31288,throwtimeoutexception,statement,src/main/java/org/junit/runners/model/Statement.java,failontimeout,src/main/java/org/junit/internal/runners/statements/FailOnTimeout.java,1
31289,evaluate,expectexception,src/main/java/org/junit/internal/runners/statements/ExpectException.java,statement,src/main/java/org/junit/runners/model/Statement.java,0
31290,evaluate,statement,src/main/java/org/junit/runners/model/Statement.java,expectexception,src/main/java/org/junit/internal/runners/statements/ExpectException.java,1
31291,evaluate,runafters,src/main/java/org/junit/internal/runners/statements/RunAfters.java,statement,src/main/java/org/junit/runners/model/Statement.java,0
31292,evaluate,statement,src/main/java/org/junit/runners/model/Statement.java,runafters,src/main/java/org/junit/internal/runners/statements/RunAfters.java,1
31293,evaluate,runbefores,src/main/java/org/junit/internal/runners/statements/RunBefores.java,statement,src/main/java/org/junit/runners/model/Statement.java,0
31294,evaluate,statement,src/main/java/org/junit/runners/model/Statement.java,runbefores,src/main/java/org/junit/internal/runners/statements/RunBefores.java,1
31295,apply,timeout,src/main/java/org/junit/rules/Timeout.java,description,src/main/java/org/junit/runner/Description.java,0
31296,apply,description,src/main/java/org/junit/runner/Description.java,timeout,src/main/java/org/junit/rules/Timeout.java,1
31297,apply,timeout,src/main/java/org/junit/rules/Timeout.java,statement,src/main/java/org/junit/runners/model/Statement.java,0
31298,apply,statement,src/main/java/org/junit/runners/model/Statement.java,timeout,src/main/java/org/junit/rules/Timeout.java,1
31299,starting,testname,src/main/java/org/junit/rules/TestName.java,description,src/main/java/org/junit/runner/Description.java,0
31300,starting,description,src/main/java/org/junit/runner/Description.java,testname,src/main/java/org/junit/rules/TestName.java,1
31301,apply,testwatcher,src/main/java/org/junit/rules/TestWatcher.java,description,src/main/java/org/junit/runner/Description.java,0
31302,apply,description,src/main/java/org/junit/runner/Description.java,testwatcher,src/main/java/org/junit/rules/TestWatcher.java,1
31303,apply,testwatcher,src/main/java/org/junit/rules/TestWatcher.java,statement,src/main/java/org/junit/runners/model/Statement.java,0
31304,apply,statement,src/main/java/org/junit/runners/model/Statement.java,testwatcher,src/main/java/org/junit/rules/TestWatcher.java,1
31305,apply,testwatchman,src/main/java/org/junit/rules/TestWatchman.java,statement,src/main/java/org/junit/runners/model/Statement.java,0
31306,apply,statement,src/main/java/org/junit/runners/model/Statement.java,testwatchman,src/main/java/org/junit/rules/TestWatchman.java,1
31307,apply,testwatchman,src/main/java/org/junit/rules/TestWatchman.java,frameworkmethod,src/main/java/org/junit/runners/model/FrameworkMethod.java,0
31308,apply,frameworkmethod,src/main/java/org/junit/runners/model/FrameworkMethod.java,testwatchman,src/main/java/org/junit/rules/TestWatchman.java,1
31309,finished,testwatchman,src/main/java/org/junit/rules/TestWatchman.java,frameworkmethod,src/main/java/org/junit/runners/model/FrameworkMethod.java,0
31310,finished,frameworkmethod,src/main/java/org/junit/runners/model/FrameworkMethod.java,testwatchman,src/main/java/org/junit/rules/TestWatchman.java,1
31311,statement,externalresource,src/main/java/org/junit/rules/ExternalResource.java,statement,src/main/java/org/junit/runners/model/Statement.java,0
31312,statement,statement,src/main/java/org/junit/runners/model/Statement.java,externalresource,src/main/java/org/junit/rules/ExternalResource.java,1
31313,apply,verifier,src/main/java/org/junit/rules/Verifier.java,description,src/main/java/org/junit/runner/Description.java,0
31314,apply,description,src/main/java/org/junit/runner/Description.java,verifier,src/main/java/org/junit/rules/Verifier.java,1
31315,apply,verifier,src/main/java/org/junit/rules/Verifier.java,statement,src/main/java/org/junit/runners/model/Statement.java,0
31316,apply,statement,src/main/java/org/junit/runners/model/Statement.java,verifier,src/main/java/org/junit/rules/Verifier.java,1
31317,runmain,junitcore,src/main/java/org/junit/runner/JUnitCore.java,runnotifier,src/main/java/org/junit/runner/notification/RunNotifier.java,0
31318,runmain,runnotifier,src/main/java/org/junit/runner/notification/RunNotifier.java,junitcore,src/main/java/org/junit/runner/JUnitCore.java,1
31319,run,junitcore,src/main/java/org/junit/runner/JUnitCore.java,runner,src/main/java/org/junit/runner/Runner.java,0
31320,run,runner,src/main/java/org/junit/runner/Runner.java,junitcore,src/main/java/org/junit/runner/JUnitCore.java,1
31321,compare,sorter,src/main/java/org/junit/runner/manipulation/Sorter.java,description,src/main/java/org/junit/runner/Description.java,0
31322,compare,description,src/main/java/org/junit/runner/Description.java,sorter,src/main/java/org/junit/runner/manipulation/Sorter.java,1
31323,tostring,failure,src/main/java/org/junit/runner/notification/Failure.java,description,src/main/java/org/junit/runner/Description.java,0
31324,tostring,description,src/main/java/org/junit/runner/Description.java,failure,src/main/java/org/junit/runner/notification/Failure.java,1
31325,gettrace,failure,src/main/java/org/junit/runner/notification/Failure.java,description,src/main/java/org/junit/runner/Description.java,0
31326,gettrace,description,src/main/java/org/junit/runner/Description.java,failure,src/main/java/org/junit/runner/notification/Failure.java,1
31327,getmessage,failure,src/main/java/org/junit/runner/notification/Failure.java,description,src/main/java/org/junit/runner/Description.java,0
31328,getmessage,description,src/main/java/org/junit/runner/Description.java,failure,src/main/java/org/junit/runner/notification/Failure.java,1
31329,fireteststarted,runnotifier,src/main/java/org/junit/runner/notification/RunNotifier.java,description,src/main/java/org/junit/runner/Description.java,0
31330,fireteststarted,description,src/main/java/org/junit/runner/Description.java,runnotifier,src/main/java/org/junit/runner/notification/RunNotifier.java,1
31331,firetestfinished,runnotifier,src/main/java/org/junit/runner/notification/RunNotifier.java,description,src/main/java/org/junit/runner/Description.java,0
31332,firetestfinished,description,src/main/java/org/junit/runner/Description.java,runnotifier,src/main/java/org/junit/runner/notification/RunNotifier.java,1
31333,runchild,blockjunit4classrunner,src/main/java/org/junit/runners/BlockJUnit4ClassRunner.java,runnotifier,src/main/java/org/junit/runner/notification/RunNotifier.java,0
31334,runchild,runnotifier,src/main/java/org/junit/runner/notification/RunNotifier.java,blockjunit4classrunner,src/main/java/org/junit/runners/BlockJUnit4ClassRunner.java,1
31335,runchild,blockjunit4classrunner,src/main/java/org/junit/runners/BlockJUnit4ClassRunner.java,frameworkmethod,src/main/java/org/junit/runners/model/FrameworkMethod.java,0
31336,runchild,frameworkmethod,src/main/java/org/junit/runners/model/FrameworkMethod.java,blockjunit4classrunner,src/main/java/org/junit/runners/BlockJUnit4ClassRunner.java,1
31337,methodblock,blockjunit4classrunner,src/main/java/org/junit/runners/BlockJUnit4ClassRunner.java,frameworkmethod,src/main/java/org/junit/runners/model/FrameworkMethod.java,0
31338,methodblock,frameworkmethod,src/main/java/org/junit/runners/model/FrameworkMethod.java,blockjunit4classrunner,src/main/java/org/junit/runners/BlockJUnit4ClassRunner.java,1
31339,possiblyexpectingexceptions,blockjunit4classrunner,src/main/java/org/junit/runners/BlockJUnit4ClassRunner.java,statement,src/main/java/org/junit/runners/model/Statement.java,0
31340,possiblyexpectingexceptions,statement,src/main/java/org/junit/runners/model/Statement.java,blockjunit4classrunner,src/main/java/org/junit/runners/BlockJUnit4ClassRunner.java,1
31341,possiblyexpectingexceptions,blockjunit4classrunner,src/main/java/org/junit/runners/BlockJUnit4ClassRunner.java,frameworkmethod,src/main/java/org/junit/runners/model/FrameworkMethod.java,0
31342,possiblyexpectingexceptions,frameworkmethod,src/main/java/org/junit/runners/model/FrameworkMethod.java,blockjunit4classrunner,src/main/java/org/junit/runners/BlockJUnit4ClassRunner.java,1
31343,withpotentialtimeout,blockjunit4classrunner,src/main/java/org/junit/runners/BlockJUnit4ClassRunner.java,statement,src/main/java/org/junit/runners/model/Statement.java,0
31344,withpotentialtimeout,statement,src/main/java/org/junit/runners/model/Statement.java,blockjunit4classrunner,src/main/java/org/junit/runners/BlockJUnit4ClassRunner.java,1
31345,withpotentialtimeout,blockjunit4classrunner,src/main/java/org/junit/runners/BlockJUnit4ClassRunner.java,frameworkmethod,src/main/java/org/junit/runners/model/FrameworkMethod.java,0
31346,withpotentialtimeout,frameworkmethod,src/main/java/org/junit/runners/model/FrameworkMethod.java,blockjunit4classrunner,src/main/java/org/junit/runners/BlockJUnit4ClassRunner.java,1
31347,withafters,blockjunit4classrunner,src/main/java/org/junit/runners/BlockJUnit4ClassRunner.java,frameworkmethod,src/main/java/org/junit/runners/model/FrameworkMethod.java,0
31348,withafters,frameworkmethod,src/main/java/org/junit/runners/model/FrameworkMethod.java,blockjunit4classrunner,src/main/java/org/junit/runners/BlockJUnit4ClassRunner.java,1
31349,withrules,blockjunit4classrunner,src/main/java/org/junit/runners/BlockJUnit4ClassRunner.java,statement,src/main/java/org/junit/runners/model/Statement.java,0
31350,withrules,statement,src/main/java/org/junit/runners/model/Statement.java,blockjunit4classrunner,src/main/java/org/junit/runners/BlockJUnit4ClassRunner.java,1
31351,withrules,blockjunit4classrunner,src/main/java/org/junit/runners/BlockJUnit4ClassRunner.java,frameworkmethod,src/main/java/org/junit/runners/model/FrameworkMethod.java,0
31352,withrules,frameworkmethod,src/main/java/org/junit/runners/model/FrameworkMethod.java,blockjunit4classrunner,src/main/java/org/junit/runners/BlockJUnit4ClassRunner.java,1
31353,withmethodrules,blockjunit4classrunner,src/main/java/org/junit/runners/BlockJUnit4ClassRunner.java,statement,src/main/java/org/junit/runners/model/Statement.java,0
31354,withmethodrules,statement,src/main/java/org/junit/runners/model/Statement.java,blockjunit4classrunner,src/main/java/org/junit/runners/BlockJUnit4ClassRunner.java,1
31355,withmethodrules,blockjunit4classrunner,src/main/java/org/junit/runners/BlockJUnit4ClassRunner.java,frameworkmethod,src/main/java/org/junit/runners/model/FrameworkMethod.java,0
31356,withmethodrules,frameworkmethod,src/main/java/org/junit/runners/model/FrameworkMethod.java,blockjunit4classrunner,src/main/java/org/junit/runners/BlockJUnit4ClassRunner.java,1
31357,withtestrules,blockjunit4classrunner,src/main/java/org/junit/runners/BlockJUnit4ClassRunner.java,statement,src/main/java/org/junit/runners/model/Statement.java,0
31358,withtestrules,statement,src/main/java/org/junit/runners/model/Statement.java,blockjunit4classrunner,src/main/java/org/junit/runners/BlockJUnit4ClassRunner.java,1
31359,withtestrules,blockjunit4classrunner,src/main/java/org/junit/runners/BlockJUnit4ClassRunner.java,frameworkmethod,src/main/java/org/junit/runners/model/FrameworkMethod.java,0
31360,withtestrules,frameworkmethod,src/main/java/org/junit/runners/model/FrameworkMethod.java,blockjunit4classrunner,src/main/java/org/junit/runners/BlockJUnit4ClassRunner.java,1
31361,getparameterslist,parameterized,src/main/java/org/junit/runners/Parameterized.java,testclass,src/main/java/org/junit/internal/runners/TestClass.java,0
31362,getparameterslist,testclass,src/main/java/org/junit/internal/runners/TestClass.java,parameterized,src/main/java/org/junit/runners/Parameterized.java,1
31363,describechild,parentrunner,src/main/java/org/junit/runners/ParentRunner.java,sorter,src/main/java/org/junit/runner/manipulation/Sorter.java,0
31364,describechild,sorter,src/main/java/org/junit/runner/manipulation/Sorter.java,parentrunner,src/main/java/org/junit/runners/ParentRunner.java,1
31365,collectinitializationerrors,parentrunner,src/main/java/org/junit/runners/ParentRunner.java,sorter,src/main/java/org/junit/runner/manipulation/Sorter.java,0
31366,collectinitializationerrors,sorter,src/main/java/org/junit/runner/manipulation/Sorter.java,parentrunner,src/main/java/org/junit/runners/ParentRunner.java,1
31367,collectinitializationerrors,parentrunner,src/main/java/org/junit/runners/ParentRunner.java,testclass,src/main/java/org/junit/internal/runners/TestClass.java,0
31368,collectinitializationerrors,testclass,src/main/java/org/junit/internal/runners/TestClass.java,parentrunner,src/main/java/org/junit/runners/ParentRunner.java,1
31369,classblock,parentrunner,src/main/java/org/junit/runners/ParentRunner.java,testclass,src/main/java/org/junit/internal/runners/TestClass.java,0
31370,classblock,testclass,src/main/java/org/junit/internal/runners/TestClass.java,parentrunner,src/main/java/org/junit/runners/ParentRunner.java,1
31371,withbeforeclasses,parentrunner,src/main/java/org/junit/runners/ParentRunner.java,sorter,src/main/java/org/junit/runner/manipulation/Sorter.java,0
31372,withbeforeclasses,sorter,src/main/java/org/junit/runner/manipulation/Sorter.java,parentrunner,src/main/java/org/junit/runners/ParentRunner.java,1
31373,runchildren,parentrunner,src/main/java/org/junit/runners/ParentRunner.java,testclass,src/main/java/org/junit/internal/runners/TestClass.java,0
31374,runchildren,testclass,src/main/java/org/junit/internal/runners/TestClass.java,parentrunner,src/main/java/org/junit/runners/ParentRunner.java,1
31375,getrunnerannotations,parentrunner,src/main/java/org/junit/runners/ParentRunner.java,testclass,src/main/java/org/junit/internal/runners/TestClass.java,0
31376,getrunnerannotations,testclass,src/main/java/org/junit/internal/runners/TestClass.java,parentrunner,src/main/java/org/junit/runners/ParentRunner.java,1
31377,getfilteredchildren,parentrunner,src/main/java/org/junit/runners/ParentRunner.java,testclass,src/main/java/org/junit/internal/runners/TestClass.java,0
31378,getfilteredchildren,testclass,src/main/java/org/junit/internal/runners/TestClass.java,parentrunner,src/main/java/org/junit/runners/ParentRunner.java,1
46997,setfilter,filter,src/main/java/org/junit/runner/manipulation/Filter.java,filter,src/main/java/org/junit/runner/manipulation/Filter.java,0
46998,setfilter,filter,src/main/java/org/junit/runner/manipulation/Filter.java,filter,src/main/java/org/junit/runner/manipulation/Filter.java,1
47005,setwrappedalgorithm,filter,src/main/java/org/junit/runner/manipulation/Filter.java,filter,src/main/java/org/junit/runner/manipulation/Filter.java,0
47006,setwrappedalgorithm,filter,src/main/java/org/junit/runner/manipulation/Filter.java,filter,src/main/java/org/junit/runner/manipulation/Filter.java,1
47015,acceptinstance,filter,src/main/java/org/junit/runner/manipulation/Filter.java,filter,src/main/java/org/junit/runner/manipulation/Filter.java,0
47016,acceptinstance,filter,src/main/java/org/junit/runner/manipulation/Filter.java,filter,src/main/java/org/junit/runner/manipulation/Filter.java,1
47023,processtrainingordatasource,filter,src/main/java/org/junit/runner/manipulation/Filter.java,filter,src/main/java/org/junit/runner/manipulation/Filter.java,0
47024,processtrainingordatasource,filter,src/main/java/org/junit/runner/manipulation/Filter.java,filter,src/main/java/org/junit/runner/manipulation/Filter.java,1
47031,accepttestset,filter,src/main/java/org/junit/runner/manipulation/Filter.java,filter,src/main/java/org/junit/runner/manipulation/Filter.java,0
47032,accepttestset,filter,src/main/java/org/junit/runner/manipulation/Filter.java,filter,src/main/java/org/junit/runner/manipulation/Filter.java,1
47045,removedatasourcelistener,filter,src/main/java/org/junit/runner/manipulation/Filter.java,filter,src/main/java/org/junit/runner/manipulation/Filter.java,0
47046,removedatasourcelistener,filter,src/main/java/org/junit/runner/manipulation/Filter.java,filter,src/main/java/org/junit/runner/manipulation/Filter.java,1
47055,connectionallowed,filter,src/main/java/org/junit/runner/manipulation/Filter.java,filter,src/main/java/org/junit/runner/manipulation/Filter.java,0
47056,connectionallowed,filter,src/main/java/org/junit/runner/manipulation/Filter.java,filter,src/main/java/org/junit/runner/manipulation/Filter.java,1
47067,connectionnotification,filter,src/main/java/org/junit/runner/manipulation/Filter.java,filter,src/main/java/org/junit/runner/manipulation/Filter.java,0
47068,connectionnotification,filter,src/main/java/org/junit/runner/manipulation/Filter.java,filter,src/main/java/org/junit/runner/manipulation/Filter.java,1
47075,disconnectionnotification,filter,src/main/java/org/junit/runner/manipulation/Filter.java,filter,src/main/java/org/junit/runner/manipulation/Filter.java,0
47076,disconnectionnotification,filter,src/main/java/org/junit/runner/manipulation/Filter.java,filter,src/main/java/org/junit/runner/manipulation/Filter.java,1
47083,block,filter,src/main/java/org/junit/runner/manipulation/Filter.java,filter,src/main/java/org/junit/runner/manipulation/Filter.java,0
47084,block,filter,src/main/java/org/junit/runner/manipulation/Filter.java,filter,src/main/java/org/junit/runner/manipulation/Filter.java,1
47091,stop,filter,src/main/java/org/junit/runner/manipulation/Filter.java,filter,src/main/java/org/junit/runner/manipulation/Filter.java,0
47092,stop,filter,src/main/java/org/junit/runner/manipulation/Filter.java,filter,src/main/java/org/junit/runner/manipulation/Filter.java,1
47099,isbusy,filter,src/main/java/org/junit/runner/manipulation/Filter.java,filter,src/main/java/org/junit/runner/manipulation/Filter.java,0
47100,isbusy,filter,src/main/java/org/junit/runner/manipulation/Filter.java,filter,src/main/java/org/junit/runner/manipulation/Filter.java,1
47109,enumeraterequests,filter,src/main/java/org/junit/runner/manipulation/Filter.java,filter,src/main/java/org/junit/runner/manipulation/Filter.java,0
47110,enumeraterequests,filter,src/main/java/org/junit/runner/manipulation/Filter.java,filter,src/main/java/org/junit/runner/manipulation/Filter.java,1
47117,performrequest,filter,src/main/java/org/junit/runner/manipulation/Filter.java,filter,src/main/java/org/junit/runner/manipulation/Filter.java,0
47118,performrequest,filter,src/main/java/org/junit/runner/manipulation/Filter.java,filter,src/main/java/org/junit/runner/manipulation/Filter.java,1
47125,eventgeneratable,filter,src/main/java/org/junit/runner/manipulation/Filter.java,filter,src/main/java/org/junit/runner/manipulation/Filter.java,0
47126,eventgeneratable,filter,src/main/java/org/junit/runner/manipulation/Filter.java,filter,src/main/java/org/junit/runner/manipulation/Filter.java,1
53181,getincomingconnectiontypes,filter,src/main/java/org/junit/runner/manipulation/Filter.java,filter,src/main/java/org/junit/runner/manipulation/Filter.java,0
53182,getincomingconnectiontypes,filter,src/main/java/org/junit/runner/manipulation/Filter.java,filter,src/main/java/org/junit/runner/manipulation/Filter.java,1
53185,stepinit,filter,src/main/java/org/junit/runner/manipulation/Filter.java,filter,src/main/java/org/junit/runner/manipulation/Filter.java,0
53186,stepinit,filter,src/main/java/org/junit/runner/manipulation/Filter.java,filter,src/main/java/org/junit/runner/manipulation/Filter.java,1
53189,processincoming,filter,src/main/java/org/junit/runner/manipulation/Filter.java,filter,src/main/java/org/junit/runner/manipulation/Filter.java,0
53190,processincoming,filter,src/main/java/org/junit/runner/manipulation/Filter.java,filter,src/main/java/org/junit/runner/manipulation/Filter.java,1
53195,processfirstbatch,filter,src/main/java/org/junit/runner/manipulation/Filter.java,filter,src/main/java/org/junit/runner/manipulation/Filter.java,0
53196,processfirstbatch,filter,src/main/java/org/junit/runner/manipulation/Filter.java,filter,src/main/java/org/junit/runner/manipulation/Filter.java,1
53201,processsubsequentbatch,filter,src/main/java/org/junit/runner/manipulation/Filter.java,filter,src/main/java/org/junit/runner/manipulation/Filter.java,0
53202,processsubsequentbatch,filter,src/main/java/org/junit/runner/manipulation/Filter.java,filter,src/main/java/org/junit/runner/manipulation/Filter.java,1
53205,processstreaming,filter,src/main/java/org/junit/runner/manipulation/Filter.java,filter,src/main/java/org/junit/runner/manipulation/Filter.java,0
53206,processstreaming,filter,src/main/java/org/junit/runner/manipulation/Filter.java,filter,src/main/java/org/junit/runner/manipulation/Filter.java,1
53209,checkpendingstreaming,filter,src/main/java/org/junit/runner/manipulation/Filter.java,filter,src/main/java/org/junit/runner/manipulation/Filter.java,0
53210,checkpendingstreaming,filter,src/main/java/org/junit/runner/manipulation/Filter.java,filter,src/main/java/org/junit/runner/manipulation/Filter.java,1
